query,target,evalue,pident,alnlen,qstart,qend,tstart,tend,cigar,target_seq,name,seq
Q15116,UniRef50_Q15116,9.55e-194,100.0,288,1,288,1,288,288M,MQIPQAPWPVVWAVLQLGWRPGWFLDSPDRPWNPPTFSPALLVVTEGDNATFTCSFSNTSESFVLNWYRMSPSNQTDKLAAFPEDRSQPGQDCRFRVTQLPNGRDFHMSVVRARRNDSGTYLCGAISLAPKAQIKESLRAELRVTERRAEVPTAHPSPSPRPAGQFQTLVVGVVGGLLGSLVLLVWVLAVICSRAARGTIGARRTGQPLKEDPSAVPVFSVDYGELDFQWREKTPEPPVPCVPEQTEYATIVFPSGMGTSSPARRGSADGPRSAQPLRPEDGHCSWPL,pd1,MQIPQAPWPVVWAVLQLGWRPGWFLDSPDRPWNPPTFSPALLVVTEGDNATFTCSFSNTSESFVLNWYRMSPSNQTDKLAAFPEDRSQPGQDCRFRVTQLPNGRDFHMSVVRARRNDSGTYLCGAISLAPKAQIKESLRAELRVTERRAEVPTAHPSPSPRPAGQFQTLVVGVVGGLLGSLVLLVWVLAVICSRAARGTIGARRTGQPLKEDPSAVPVFSVDYGELDFQWREKTPEPPVPCVPEQTEYATIVFPSGMGTSSPARRGSADGPRSAQPLRPEDGHCSWPL
Q15116,UniRef50_A0A8C0PFU6,3.282e-118,66.7,286,5,288,5,288,181M2D70M2I31M,MGSRRGPWPLVWAVLQLGWWPGWLLDSPDRPWSPLTFSPAQLTVQEGENATFTCSLADIPDSFVLNWYRLSPRNQTDKLAAFQEDRIEPGRDRRFRVTRLPNGRDFHMSIVAARLNDSGIYLCGAIYLPPNTQINESPRAELSVTERTLEPPTQSPSPPPRLSGQLQGLVIGVTSVLVGVLLLLLLTWVLAAVFPRATRGACVCGSEDEPLKEGPDAAPVFTLDYGELDFQWREKTPEPPAPCAPEQTEYATIVFPGRPASPGRRASASSLQGAQPPSPEDGPGLWPL,pd1,RGPWPLVWAVLQLGWWPGWLLDSPDRPWSPLTFSPAQLTVQEGENATFTCSLADIPDSFVLNWYRLSPRNQTDKLAAFQEDRIEPGRDRRFRVTRLPNGRDFHMSIVAARLNDSGIYLCGAIYLPPNTQINESPRAELSVTERTLEPPTQSPSPPPRLSGQLQGLVIGVTSVLVGVLLLLLLTWVLAAVFPRATRGACVCGSEDEPLKEGPDAAPVFTLDYGELDFQWREKTPEPPAPCAPEQTEYATIVFPGRPASPGRRASASSLQGAQPPSPEDGPGLWPL
Q15116,UniRef50_F6U6N6,3.081e-111,74.6,245,5,247,5,248,177M2D20M1I45M,MGTLRAPWPFVWVLLQLGWLPAWLLDSPDRPWRPLTFSPARLMVPEGANATFTCSFSNTSEHFVLNWYRMSPSNQTDKLAAFPEDSSQPGRSGRFRVTRLPNGRDFHMSVLAARRNDSGIYLCGAISLPPKTQINESPRAELTVTERIPEPPTEHPSPPPSPAGQLQGLVVGITSLLVGVLLVLLLACVLTTTFPRAARGACGRSGDEPLKEGPSAPPAFSVDYGELDFQWREKTPEPPAPCVPEQTERPLPAGVLQTLRQEPRVAPSLEEMQGRGAARCRALSGDHSLRLALTSVLVMTWQGVPRSHVGNGRRPSQDPRPCPGLRWPELCA,pd1,RAPWPFVWVLLQLGWLPAWLLDSPDRPWRPLTFSPARLMVPEGANATFTCSFSNTSEHFVLNWYRMSPSNQTDKLAAFPEDSSQPGRSGRFRVTRLPNGRDFHMSVLAARRNDSGIYLCGAISLPPKTQINESPRAELTVTERIPEPPTEHPSPPPSPAGQLQGLVVGITSLLVGVLLVLLLACVLTTTFPRAARGACGRSGDEPLKEGPSAPPAFSVDYGELDFQWREKTPEPPAPCVPEQTE
Q15116,UniRef50_UPI0009801507,1.511e-107,100.0,167,1,167,1,167,167M,MQIPQAPWPVVWAVLQLGWRPGWFLDSPDRPWNPPTFSPALLVVTEGDNATFTCSFSNTSESFVLNWYRMSPSNQTDKLAAFPEDRSQPGQDCRFRVTQLPNGRDFHMSVVRARRNDSGTYLCGAISLAPKAQIKESLRAELRVTERRAEVPTAHPSPSPRPAGQFQHHHHHH,pd1,MQIPQAPWPVVWAVLQLGWRPGWFLDSPDRPWNPPTFSPALLVVTEGDNATFTCSFSNTSESFVLNWYRMSPSNQTDKLAAFPEDRSQPGQDCRFRVTQLPNGRDFHMSVVRARRNDSGTYLCGAISLAPKAQIKESLRAELRVTERRAEVPTAHPSPSPRPAGQFQ
Q15116,UniRef50_I3MV40,6.056e-102,62.0,295,1,288,1,288,137M1I15M5D26M2D30M1I44M5I29M,MQVRWVTWSLAWAVLQLGWRPGWLLESPNRPSSLFSCSPTQLTVQEGANATFTCSFSNWSEHLVLNWYRLSPSKQNIKLASFRSGLSEPGRDPRFRVTQLPSRLDFHMSIISAQHNDSGHYLCGAISLSSKVQIQETTAELRVTDRVRESPTLEPLPAHPRPSPRPAGQLPGLVVGVTSVLVGVPVLLLLAWVLATTCSTALPEAGGARSKEQPLEEASEVPVSTLDYGELDFQWREKTPTPEPPASGIHTEYATIVFPSSPGRRGSADSPQGPQPLRHEDGHCSWPL,pd1,MQVRWVTWSLAWAVLQLGWRPGWLLESPNRPSSLFSCSPTQLTVQEGANATFTCSFSNWSEHLVLNWYRLSPSKQNIKLASFRSGLSEPGRDPRFRVTQLPSRLDFHMSIISAQHNDSGHYLCGAISLSSKVQIQETTAELRVTDRVRESPTLEPLPAHPRPSPRPAGQLPGLVVGVTSVLVGVPVLLLLAWVLATTCSTALPEAGGARSKEQPLEEASEVPVSTLDYGELDFQWREKTPTPEPPASGIHTEYATIVFPSSPGRRGSADSPQGPQPLRHEDGHCSWPL
Q15116,UniRef50_UPI001FF1B0A6,4.6289999999999996e-90,53.4,288,1,288,1,224,144M52I67M12I13M,MGTPRAPWPLVWAVLQLGWWPGWLLDSPYRPWSPLTFSPAQLTVLEGENATFVCHLPDVPESFVLNWYRVSPRNQTDKLAAFQENHTEPGKDRRFRVTRLPSGQDFHTTILAAQLNDSGIYLCGAIYLPPNTQIYESPRAELTVKGACACGSEDEPLKEGPSAAPVFTVDYGELDFQWREKTPEPPAPCAPEQTEYATIVFPSRPGSPGPLPLRPEDGPCPWPL,pd1,MGTPRAPWPLVWAVLQLGWWPGWLLDSPYRPWSPLTFSPAQLTVLEGENATFVCHLPDVPESFVLNWYRVSPRNQTDKLAAFQENHTEPGKDRRFRVTRLPSGQDFHTTILAAQLNDSGIYLCGAIYLPPNTQIYESPRAELTVKGACACGSEDEPLKEGPSAAPVFTVDYGELDFQWREKTPEPPAPCAPEQTEYATIVFPSRPGSPGPLPLRPEDGPCPWPL
Q15116,UniRef50_A0A811ZD93,1.21e-80,64.2,221,1,216,1,221,185M2D19M3D12M,MGTPRGPWPLVWAVLQLGWWPGWLLDSPDRPWSPLTFSPAQLTVQEGENATFTCSLADIPDSFVLNWYRLSPRNQTDKLAAFQEDRIEPSRDRRFRVTRLPSGRDFHMSIVAARLNDSGIYLCGAIYLPPNTQINESPRAELSVTERTLEPPTQSPSPPPRFSGQLQGLVIGVTSVLVGVLLLLLLTWVLAAVFPRATRGEAPNRRRSVTGQARGPTPASVHLPVLPALLFLPIWSPHTHPHRPPRGPLRAGLGLEPSSQVRGPPPDTCSEAGLRAEVVAQAPQKGRRCPHRLSPNLRPQLSPQDTVRQLLAATGLCRDNHSPQSDPVTTPHTHPDRPPSL,pd1,MGTPRGPWPLVWAVLQLGWWPGWLLDSPDRPWSPLTFSPAQLTVQEGENATFTCSLADIPDSFVLNWYRLSPRNQTDKLAAFQEDRIEPSRDRRFRVTRLPSGRDFHMSIVAARLNDSGIYLCGAIYLPPNTQINESPRAELSVTERTLEPPTQSPSPPPRFSGQLQGLVIGVTSVLVGVLLLLLLTWVLAAVFPRATRGEAPNRRRSVTGQARGPTPASV
Q15116,UniRef50_A0A2K5KCE2,1.345e-78,53.1,288,1,288,1,165,25M120I52M3I88M,MQIPQAPWPVVWAVLQLGWRPGWFLERRGEVPTAHPSPSPRPAAQFQALVVGVVGGLLGSLVLLVWVLAIICSRAAQEARHTGQPLKEDPSVVPVFSVDYGELDFQWREKTPEPPAPCVPEQTEYATIVFPSGLGTSSPARRGSADGPRSPRPLRPEDGHCSWPL,pd1,MQIPQAPWPVVWAVLQLGWRPGWFLERRGEVPTAHPSPSPRPAAQFQALVVGVVGGLLGSLVLLVWVLAIICSRAAQEARHTGQPLKEDPSVVPVFSVDYGELDFQWREKTPEPPAPCVPEQTEYATIVFPSGLGTSSPARRGSADGPRSPRPLRPEDGHCSWPL
Q15116,UniRef50_A0A8C2RIR6,2.8e-76,59.5,240,1,235,1,240,58M1D121M2D18M2D38M,MGTPRAPWPLVWALLQLGCWPGWLLEASSRPWSALTFSPARLVVSEGANATFTCSFSSKPEEHFVLNWYRMSPSNQTDKLAAFPEDRSQPGRGRRFRVTPLPGGRQFHMSIVAAQRDDSGAYFCGAIYLPPRTQINESRPAELRVTEEVLEPPTEHPSPQPRPEGQMQSLVIGVTSFILGVLLLLLLIWVLAAAFLGATRGDGSPKALPLAPSLASCPNPIPSVSPIREGLDWASRAGGPLGNPSAGPAGCCPSPGPALGKQGREDSPHHGRHPGWTSARALSSSNHQAPEVTAAVTRPRGRRLARGPRLPPSDVWGNVRGPLTACPLCSRRWPEEGRWAEPHRMPRSLPGAGAQTAQVPRGLWGLMGRPEDPAPFPGPRDPRSPSSRLQGPGPP,pd1,MGTPRAPWPLVWALLQLGCWPGWLLEASSRPWSALTFSPARLVVSEGANATFTCSFSSKPEEHFVLNWYRMSPSNQTDKLAAFPEDRSQPGRGRRFRVTPLPGGRQFHMSIVAAQRDDSGAYFCGAIYLPPRTQINESRPAELRVTEEVLEPPTEHPSPQPRPEGQMQSLVIGVTSFILGVLLLLLLIWVLAAAFLGATRGDGSPKALPLAPSLASCPNPIPSVSPIREGLDWASRAGGP
Q15116,UniRef50_A0AA41NCW7,3.833e-76,54.6,278,27,272,1,271,121M5D32M2D20M2D9M21D25M2D9M2I10M5I13M,APSRPSSLFSFSPAQLTVQEGANATFTCSFSNWSEHLVLNWYRLSPSKQNIKLASFHKGLSEPGRDPRFQVTRLPNGLDFHMSVLSARCNDSGLYLCGVISLSSKVQIQETPAAELRVTDRVLESLTLEPPTAHPRPSPRPASQFPGLAVGVTSVLVGVPVVLLLAWILATTCSRAMPDSERVSPQRLEEPEAKSSPWLPDEPLQHPLPLSIEKEEATAVPVFALDYGELDFEWREKTPTPEPPASCIHTEYATIVFPPSPGRRGSADSPQERSTEIGKLLSSYLEKKSELEDHSVHLLFSANRWEHVPSMKEKLGQGITLVVDRYAFSGVAFTSAKKNFSLDWCKQPDVGLPQPDLVLFLQLGVADAATRGEFGLERYEDRAFQKRALQSFQQLMGDSTLNWKVVDASRSIEDVHQEIRVLSEDAICNAAQRPLGALWT,pd1,APSRPSSLFSFSPAQLTVQEGANATFTCSFSNWSEHLVLNWYRLSPSKQNIKLASFHKGLSEPGRDPRFQVTRLPNGLDFHMSVLSARCNDSGLYLCGVISLSSKVQIQETPAAELRVTDRVLESLTLEPPTAHPRPSPRPASQFPGLAVGVTSVLVGVPVVLLLAWILATTCSRAMPDSERVSPQRLEEPEAKSSPWLPDEPLQHPLPLSIEKEEATAVPVFALDYGELDFEWREKTPTPEPPASCIHTEYATIVFPPSPGRRGSADSPQ
Q15116,UniRef50_UPI001E260888,5.82e-74,60.2,219,1,217,1,219,185M2D32M,MGTPRAPWPLVWAVLQLGWWPGWLLDSPYRPWSPLTFSPAQLTVLEGENATFVCHLPDVPESFVLNWYRVSPRNQTDKLAAFQENHTEPGKDRRFRVTRLPSGQDFHTTILAAQLNDSGIYLCGAIYLPPNTQIYESPRAELTVKERVLEPPTESPSPPPRLTGQGQGLVVGITSVLVGVLLLLLLTWVLAAAFPRATRGNIVPNPTAIPRRQSPRHNPRPHPPGIPTIPLPPPRLPPAPSQRGPLKEGLGLEQASQVPGPPVPNTCFKEGWGGGRQLPK,pd1,MGTPRAPWPLVWAVLQLGWWPGWLLDSPYRPWSPLTFSPAQLTVLEGENATFVCHLPDVPESFVLNWYRVSPRNQTDKLAAFQENHTEPGKDRRFRVTRLPSGQDFHTTILAAQLNDSGIYLCGAIYLPPNTQIYESPRAELTVKERVLEPPTESPSPPPRLTGQGQGLVVGITSVLVGVLLLLLLTWVLAAAFPRATRGNIVPNPTAIPRRQSPRHNP
Q15116,UniRef50_A0A4W2D6R0,1.838e-72,61.1,219,1,217,1,213,183M2D15M6I13M,MGTPRALWPLVWAVLQLGCWPGWLLEASSRPWSALTFSPPRLVVPEGANATFTCSFSSKPERFVLNWYRKSPSNQMDKLAAFPEDRSQPSRDRRFRVTPLPDGQQFNMSIVAAQRNDSGVYFCGAIYLPPRTQINESHSAELMVTEAVLEPPTEPPSPQPRPEGQMQSLVIGVTSVLLGVLLLPPLIWVLAAVFLRATRGDGSPKALLPASAPCPLPRLLPQSYPLCVPHQGEAGLGLQGQGSLRKPLCWACWMLALPGACSWEVGEGRQPPPRPSPWLDLSQGTELF,pd1,MGTPRALWPLVWAVLQLGCWPGWLLEASSRPWSALTFSPPRLVVPEGANATFTCSFSSKPERFVLNWYRKSPSNQMDKLAAFPEDRSQPSRDRRFRVTPLPDGQQFNMSIVAAQRNDSGVYFCGAIYLPPRTQINESHSAELMVTEAVLEPPTEPPSPQPRPEGQMQSLVIGVTSVLLGVLLLPPLIWVLAAVFLRATRGDGSPKALLPASAP
Q15116,UniRef50_A0A8B9WCR7,3.4420000000000003e-72,60.7,227,1,215,1,227,183M2D14M1D3M8D10M1D5M,MGTPRALWPLVWAVLQLGCWPGWLLEASSRPWSALTFSPPRLVVPEGANATFTCSFSSKPERFVLNWYRKSPSNQMDKLAAFPEDRSQPSRDRRFRVTPLPDGQQFNMSIVAAQRNDSGVYFCGAIYLPPRTQINESHSAELTVTEAVLEPPTEPPSPQPRPEGQMQSLVIGVTSVLLGVLLLPPLIWVLAAVFLRATREGGLPLCASCHSGLRGAGLPVAGEDPRARGSLRPGADRVRHHRLPRPQGVRRQPAGALATEDRGWTLLLAPLTGFTGWAESFRPSAQSQG,pd1,MGTPRALWPLVWAVLQLGCWPGWLLEASSRPWSALTFSPPRLVVPEGANATFTCSFSSKPERFVLNWYRKSPSNQMDKLAAFPEDRSQPSRDRRFRVTPLPDGQQFNMSIVAAQRNDSGVYFCGAIYLPPRTQINESHSAELTVTEAVLEPPTEPPSPQPRPEGQMQSLVIGVTSVLLGVLLLPPLIWVLAAVFLRATREGGLPLCASCHSGLRGAGLPVAGEDPRA
Q15116,UniRef50_UPI00156A7394,1.208e-71,96.0,127,29,155,1,127,127M,DRPWNPPTFSPALLVVTEGDNATFTCSFSNTSESFVLNWYRMSPSNQTDKLAAFPEDRSQPGQDSRFRVTQLPNGRDFHMSVVRARRNDSGTYLCGAISLAPKAQIKESLRAELRVTERRAELEHHHHHH,pd1,DRPWNPPTFSPALLVVTEGDNATFTCSFSNTSESFVLNWYRMSPSNQTDKLAAFPEDRSQPGQDSRFRVTQLPNGRDFHMSVVRARRNDSGTYLCGAISLAPKAQIKESLRAELRVTERRAELEHHH
Q15116,UniRef50_UPI00234C283D,9.763e-70,59.2,221,1,218,1,215,32M3I52M3I89M2D29M1D10M,MWTPQVPWPVLWAVLQLGWRPGWLLDAPNRSLSFSPSRLTVSEGASATFTCSLASMSEDFVLNWYRMSPSNQTYKLAAFPRDHRQDPRFQVTKLPNGHDFSMRIMATQRNDSGIYLCGAISLPPTAQITESPPAELTVTERDVESPTSHPSPSPRPGGQFQNLVVVVTSVLVGVPVLLLLAWVLTTVRPTATQGVFLCRGQRSPKCRPNPEGGPLSHACIHRGLWGAGLPVSREDPRAPRSLGL,pd1,MWTPQVPWPVLWAVLQLGWRPGWLLDAPNRSLSFSPSRLTVSEGASATFTCSLASMSEDFVLNWYRMSPSNQTYKLAAFPRDHRQDPRFQVTKLPNGHDFSMRIMATQRNDSGIYLCGAISLPPTAQITESPPAELTVTERDVESPTSHPSPSPRPGGQFQNLVVVVTSVLVGVPVLLLLAWVLTTVRPTATQGVFLCRGQRSPKCRPNPEGGPL
Q15116,UniRef50_UPI00234C3D08,2.502e-69,61.4,210,1,208,1,204,32M3I52M3I89M2D29M,MWTPQVPWPVLWAVLQLGWRPGWLLDAPNRSLSFSPSRLTVSEGASATFTCSLASMSEDFVLNWYRMSPSNQTYKLAAFPRDHRQDPRFQVTKLPNGHDFSMRIMATQRNDSGIYLCGAISLPPTAQITESPPAELTVTERDVESPTSHPSPSPRPGGQFQNLVVVVTSVLVGVPVLLLLAWVLTTVRPTATQGVFLCRGQRSPKCRPNPGEPWALYCEICPRPPSGGARCMACRAATWRPLNSNFQPGLCLLGPQAA,pd1,MWTPQVPWPVLWAVLQLGWRPGWLLDAPNRSLSFSPSRLTVSEGASATFTCSLASMSEDFVLNWYRMSPSNQTYKLAAFPRDHRQDPRFQVTKLPNGHDFSMRIMATQRNDSGIYLCGAISLPPTAQITESPPAELTVTERDVESPTSHPSPSPRPGGQFQNLVVVVTSVLVGVPVLLLLAWVLTTVRPTATQGVFLCRGQRSP
Q15116,UniRef50_UPI0028FCC002,8.773e-69,50.0,300,1,288,1,288,21M1D55M1I10M2I44M1D26M2D13M1I12M2D69M3I4M1I12M4I6M6D4M,MGAPWAPRPLLWAVLLLGWWPEGLLAVSPHRPCGTPNISQSRLSVPEGGTVRLNCSFPCEPGNLHLNWYRLEPGNQTKLASFPRDASPLDPHFNISQLPNRPTFLISLEGARRNHSGVYLCGFIHLSPRVMGVTESPRIELTVTERVEATPAEHPSPSPTPRPAGHSQALVAGVSSVLGAVLVLVLAWVLVAVLPAAPRGICVTRRQDSAQKEAPPSPGMNTVDYGQLDFEWREKTPEPPTPCAPEPTEYATIVFPGPSSLSRGSAGAPGPSPEDGQCSLDGRRSWPL,pd1,MGAPWAPRPLLWAVLLLGWWPEGLLAVSPHRPCGTPNISQSRLSVPEGGTVRLNCSFPCEPGNLHLNWYRLEPGNQTKLASFPRDASPLDPHFNISQLPNRPTFLISLEGARRNHSGVYLCGFIHLSPRVMGVTESPRIELTVTERVEATPAEHPSPSPTPRPAGHSQALVAGVSSVLGAVLVLVLAWVLVAVLPAAPRGICVTRRQDSAQKEAPPSPGMNTVDYGQLDFEWREKTPEPPTPCAPEPTEYATIVFPGPSSLSRGSAGAPGPSPEDGQCSLDGRRSWPL
Q15116,UniRef50_A0A8J5ZVN3,5.1729999999999994e-67,44.8,321,26,288,371,689,160M2D14M10D6M4D2M42D48M2I31M,MQRFGQPPREHWRSNGRDFGHGSRGRRLSAVREPSTPQQSPKEAGNAGRPGHSRARHERGQREEEEGAGPGRALRPTREAFSSSAAGSEETRSRGGLGHGDPAGALAPGLGSAAAGLAPRMAPRCPRTPHSGRGSGDPSLRAAHEAVVAGPAPAARTGPAPVTATLRRVVAPGSCTPLSQPGWAARGPLRAPEPVDALSPPTPTVTTSCPAGPSAHVGTARAGALRGGLHASVCECGVWGGRLGLGTALQCLAAARPAAPPRKPCAGGPRSPVPSLRGRGEPTLAWPVPPSRAGAESQLRACPAAGHSQTPLGSPGSPRLGPASGPSLAGAGRAGSTGPAAEGQAGQAWGCRRGRVGLRTCHSAASLSPPDTPGERCSPSTFLPARLSVPEGDSAEFACSLPCVPQDALLNWYRVGLGNHTTKLAAFPEDRHSPSRDPRFSITPLPGGQGFRMRLVGTRPDDSGVYMCGVIYLRPSILAAESPHTELTVTERDPHSPTERPSPTPRPASPPQSLAVSVTSVLAAVLLLLLLAWGLASSPPRGLRGACAGQSQDAPLVSARSAPGPWGQDALCPRPAVWGEQPVPTRGWDAPGVGPGLHPPRVHRRPLLPSPQKESTAAGPVFTVDYGELDFEWREKTPEPPGPAAPEQTEYATIVFPGRPAPPSRRASADGRPGPRPLRAEDGHCSWPL,pd1,DTPGERCSPSTFLPARLSVPEGDSAEFACSLPCVPQDALLNWYRVGLGNHTTKLAAFPEDRHSPSRDPRFSITPLPGGQGFRMRLVGTRPDDSGVYMCGVIYLRPSILAAESPHTELTVTERDPHSPTERPSPTPRPASPPQSLAVSVTSVLAAVLLLLLLAWGLASSPPRGLRGACAGQSQDAPLVSARSAPGPWGQDALCPRPAVWGEQPVPTRGWDAPGVGPGLHPPRVHRRPLLPSPQKESTAAGPVFTVDYGELDFEWREKTPEPPGPAAPEQTEYATIVFPGRPAPPSRRASADGRPGPRPLRAEDGHCSWPL
Q15116,UniRef50_UPI001E1DAF7D,5.702e-65,55.0,227,64,288,1,225,122M2D75M2I26M,MLNWYRGSPNNQSVKLAAFPKDNGKSSLDPRFNITQEGGKPTFRLRISAVYRNDSGNYYCGAIHLPPQTQISESPCAQLTVTDRVSEPPTAHPSPLPGGAGHLQVLVVSVTSVLVGILLLLLLAWVLITVFPRGMQGPGGARSDDTPLKEDPLALPVPTVDYGELDFERREKTPEPPASYFPEQTEYAVIVFPDGVPPGGHRGSAEGVWGPRPLRPEDAHSSWPL,pd1,MLNWYRGSPNNQSVKLAAFPKDNGKSSLDPRFNITQEGGKPTFRLRISAVYRNDSGNYYCGAIHLPPQTQISESPCAQLTVTDRVSEPPTAHPSPLPGGAGHLQVLVVSVTSVLVGILLLLLLAWVLITVFPRGMQGPGGARSDDTPLKEDPLALPVPTVDYGELDFERREKTPEPPASYFPEQTEYAVIVFPDGVPPGGHRGSAEGVWGPRPLRPEDAHSSWPL
Q15116,UniRef50_H0Y2W6,1.067e-64,69.9,173,58,230,2,122,88M52I33M,XNTSESFVLNWYRMSPSNQTDKLAAFPEDRSQPGQDCRFRVTQLPNGRDFHMSVVRARRNDSGTYLCGAISLAPKAQIKESLRAELRVTGTIGARRTGQPLKEDPSAVPVFSVDYGELDFQW,pd1,NTSESFVLNWYRMSPSNQTDKLAAFPEDRSQPGQDCRFRVTQLPNGRDFHMSVVRARRNDSGTYLCGAISLAPKAQIKESLRAELRVTGTIGARRTGQPLKEDPSAVPVFSVDYGELDFQW
Q15116,UniRef50_A0AAJ8AGC7,5.115e-64,60.5,208,8,208,8,214,146M5D26M2D19M1I9M,MQGRWVTWLLAWAVLQLGWRPGWLLESSNRPSSLFSCSPTRLTVQEGANATFTCSFSNWSEHLVLNWYRLSPSKQNIKLASFRSGLSEPGRDPRFRVTQLPSRLDFHMSVISAQRSDSGLYLCGAISLSSKVQIQETTAAELRVTDRVLESPTLEPLPAHPRPSPRPAGQLPGLVVGVTSVLVGVPVLLLLAWVLATTCSTAWPGCAVCPSGQPGPYTASLPRGGPLQHLCHRAPGGGRGRPVPAQGGSHGTLPWTPPQGLKNPRQARKPQRLEEAEVKSSPWRRLQKCRSPPWTTGSWTSSGEREPPPLSPLPPAYTPNMPPLSSLHPQAAGAQQTAPRVPSL,pd1,WLLAWAVLQLGWRPGWLLESSNRPSSLFSCSPTRLTVQEGANATFTCSFSNWSEHLVLNWYRLSPSKQNIKLASFRSGLSEPGRDPRFRVTQLPSRLDFHMSVISAQRSDSGLYLCGAISLSSKVQIQETTAAELRVTDRVLESPTLEPLPAHPRPSPRPAGQLPGLVVGVTSVLVGVPVLLLLAWVLATTCSTAWPGCAVCPSGQP
Q15116,UniRef50_A0A7J8BKI2,5.039e-61,61.5,182,1,173,1,182,144M9D29M,MGTPWAPWPLLWAVLLLGWRPGWLLETTHRPWSPLTFNPPQLTVAEGDTATFTCSLSHMSGGFVLNWYRMSPSNQTDKLAAFPADSTVAHRHRRFQVTRLPSGRDFRMSVLTAQRNDSGVYLCGAIYLSPTMQILQSPRAELVVIGAELRPEGTERTLEPPTESPGLPPRPPGQVQGLVIGVTRDLSTGLRPLGMESREAVSLQGSAGATHRGTADLLVVILQAKKRKLGLLLCQRLVTAPSQGGCEDSVRWYL,pd1,MGTPWAPWPLLWAVLLLGWRPGWLLETTHRPWSPLTFNPPQLTVAEGDTATFTCSLSHMSGGFVLNWYRMSPSNQTDKLAAFPADSTVAHRHRRFQVTRLPSGRDFRMSVLTAQRNDSGVYLCGAIYLSPTMQILQSPRAELVVIGAELRPEGTERTLEPPTESPGLPPRPPGQVQGLVIGV
Q15116,UniRef50_A0AAJ8AH65,1.289e-60,49.4,273,83,288,3,267,71M5D26M2D14M15D7M43D9M1I23M2D9M2I10M5I29M,MAPSGLSEPGRDPRFRVTQLPSRLDFHMSVISAQRSDSGLYLCGAISLSSKVQIQETTAAELRVTDRVLESPTLEPLPAHPRPSPRPAGQLPGLVVGVTSVLVGVPVLLLLAWVLATTCSTAWPARAIHSISATWRATAASLSPCTRGRQRQARPCPGRKSWHPSLDTPTGSEKPQAGEEAPEAGGGRSKEQPLEEASEVPVSTLDYGELDFQWRERTPTPEPPASCIHTEYATIVFPSSPGRRGSADSPQGPQPLRPEDGHCSWPL,pd1,PSGLSEPGRDPRFRVTQLPSRLDFHMSVISAQRSDSGLYLCGAISLSSKVQIQETTAAELRVTDRVLESPTLEPLPAHPRPSPRPAGQLPGLVVGVTSVLVGVPVLLLLAWVLATTCSTAWPARAIHSISATWRATAASLSPCTRGRQRQARPCPGRKSWHPSLDTPTGSEKPQAGEEAPEAGGGRSKEQPLEEASEVPVSTLDYGELDFQWRERTPTPEPPASCIHTEYATIVFPSSPGRRGSADSPQGPQPLRPEDGHCSWPL
Q15116,UniRef50_UPI000A34E66D,1.413e-58,58.5,205,7,195,41,241,2M3D3M1I11M11D64M3I89M2D16M,MHSLPGGSNLGSTGKGAKILRTTLAPGQGWNHQQSQRKGLPWGDRPILAACRRGPGPAWLPAPSHSTLLPFLSDPPNRSCSPSFSPAQLSVPEGANATFTCSFSNSSEHFVLNWYRLSPSNQTDKLAAFPRESNLDPRFQVAQLPDGQSFQMSVLSVQRNDSGIYLCGAISLRPKAEIRESCRAELMVTERILEPPTVHPSPSPRPVGHLQGLVVGAMSVLVGIPVLLLLAWVLAAVCSRAVPDPPPPDLKTPGPANEALRCPTQMGTQAKTLLPRGGLASAT,pd1,PWGDRPILAACRRGPGPAWLPAPSHSTLLPFLSDPPNRSCSPSFSPAQLSVPEGANATFTCSFSNSSEHFVLNWYRLSPSNQTDKLAAFPRESNLDPRFQVAQLPDGQSFQMSVLSVQRNDSGIYLCGAISLRPKAEIRESCRAELMVTERILEPPTVHPSPSPRPVGHLQGLVVGAMSVLVGIPVLLLLAWVLAAVCSRA
Q15116,UniRef50_A0A1S3AAV0,9.241e-58,50.3,258,42,288,32,277,35M1I10M2I44M1D26M2D13M1I12M2D69M3I4M1I12M4I6M6D4M,MGRIHWGLELSDLAECVGTTAALIDILRKSRLSVPEGGTVRLNCSFPCEPGNLHLNWYRLEPGNQTKLASFPRDASPLDPHFNISQLPNRPTFLISLEGARRNHSGVYLCGFIHLSPRVMGVTESPRIELTVTERVEATPAEHPSPSPTPRPAGHSQALVAGVSSVLGAVLVLVLAWVLVAVLPAAPRGICVTRRQDSAQKEAPPSPGMNTVDYGQLDFEWREKTPEPPTPCAPEPTEYATIVFPGPSSLSRGSAGAPGPSPEDGQCSLDGRRSWPL,pd1,LSVPEGGTVRLNCSFPCEPGNLHLNWYRLEPGNQTKLASFPRDASPLDPHFNISQLPNRPTFLISLEGARRNHSGVYLCGFIHLSPRVMGVTESPRIELTVTERVEATPAEHPSPSPTPRPAGHSQALVAGVSSVLGAVLVLVLAWVLVAVLPAAPRGICVTRRQDSAQKEAPPSPGMNTVDYGQLDFEWREKTPEPPTPCAPEPTEYATIVFPGPSSLSRGSAGAPGPSPEDGQCSLDGRRSWPL
Q15116,UniRef50_UPI00295411CB,1.7280000000000002e-57,67.3,144,1,144,1,144,144M,MGTPRAPWPLVWAVLQLGWWPGWLLDSPYRPWSPLTFSPAQLTVVEGENATFVCHLPDVPESFVLNWYRVSPRNQTDKLAAFQENHTEPGKDRRFRVTRLPSGQDFHTTILAAQLNDSGIYLCGAIYLPPNTQIYESPRAELTVKGARPGGRGRGRGRDPPGCTSDTRGD,pd1,MGTPRAPWPLVWAVLQLGWWPGWLLDSPYRPWSPLTFSPAQLTVVEGENATFVCHLPDVPESFVLNWYRVSPRNQTDKLAAFQENHTEPGKDRRFRVTRLPSGQDFHTTILAAQLNDSGIYLCGAIYLPPNTQIYESPRAELTV
Q15116,UniRef50_UPI00211662EE,1.3800000000000001e-55,49.3,227,1,215,1,227,185M2D13M9D12M1D5M,MRVVWTPWQLIWMVLQLGWRLGQLQVCPERPGSPLTFLPAQLTVPEGGEATFFCSYPNMTAPTMLNWYRSSPSNQSVKLAAFPKDHGEPARDQRFSITQLAGKQAFRLHISTVLRNDSNTYYCGAINLPPETQITESPCAELTVTDRVSESPTTHPSPAPGPKGQFQALVISITSVLVGVLVLLLLAWVLATVLPRGTQEGGPFGHTCVHCGLRRAGLPATGEDPRAPRCLLTRADRVRHHCFPRWRVPHGPQGLSRWPVGTPASETGGHSLLLAPLTTGLSPPWP,pd1,MRVVWTPWQLIWMVLQLGWRLGQLQVCPERPGSPLTFLPAQLTVPEGGEATFFCSYPNMTAPTMLNWYRSSPSNQSVKLAAFPKDHGEPARDQRFSITQLAGKQAFRLHISTVLRNDSNTYYCGAINLPPETQITESPCAELTVTDRVSESPTTHPSPAPGPKGQFQALVISITSVLVGVLVLLLLAWVLATVLPRGTQEGGPFGHTCVHCGLRRAGLPATGEDPRA
Q15116,UniRef50_A0A7J8BJ80,5.883999999999999e-54,62.7,161,1,159,1,161,144M2D15M,MGTPWAPWPLLWAVLLLGWRPGWLLETTHRPWSPLTFNPPQLTVAEGDTATFTCSLSHMSGGFVLNWYRMSPSNQTDKLAAFPADSTVAHRHRRFQVTRLPSGRDFRMSVLTAQRNDSGVYLCGAIYLSPTMQILQSPRAELVVIGAELRPEGTGAAPAASCPMESERGRPPANSHGETEVL,pd1,MGTPWAPWPLLWAVLLLGWRPGWLLETTHRPWSPLTFNPPQLTVAEGDTATFTCSLSHMSGGFVLNWYRMSPSNQTDKLAAFPADSTVAHRHRRFQVTRLPSGRDFRMSVLTAQRNDSGVYLCGAIYLSPTMQILQSPRAELVVIGAELRPEGTGAAPAAS
Q15116,UniRef50_UPI001FB3EDC7,8.044e-54,65.1,149,1,149,1,149,149M,MRVQGVPWPLAWAVLQLGWRPGWLLEAPSRPSSLFSFSPAQLTVQEGANATFTCSFSNWSEHLVLNWYRLSPSKQNIKLASFHKGLSEPGRDPRFQVTRLPNGLDFHMSVLSARCNDSGLYLCGVISLSSKVQIQETPAAELRVTGRPASSQAWLLVSPASWWVSQWCCCWPGSWPPPAPGPCQIQNVFLRRGWRSRKQRAAPEGGGHSRACLRPGLRGAGLRVARENPDPRAPCLLHTHRVCHHRLPPVPGPQGLGRQSPGSPASETGGRTLLLAPLTTSILQTYCKSPGPVPPEEDAEQQGPPGPSRLGGDHPYPEPACPGPCRDANLHALHSWQRQAHCPLMGSAGRDQGCRPCETAGQSPVF,pd1,MRVQGVPWPLAWAVLQLGWRPGWLLEAPSRPSSLFSFSPAQLTVQEGANATFTCSFSNWSEHLVLNWYRLSPSKQNIKLASFHKGLSEPGRDPRFQVTRLPNGLDFHMSVLSARCNDSGLYLCGVISLSSKVQIQETPAAELRVTGRPA
Q15116,UniRef50_A0A2Y9G730,2.052e-45,62.0,145,146,288,93,235,34M2D79M2I28M,MFWEKKIELHAKHLQNEAARTCSSALDSTAPQVSGHSRREYNCEQHHINSAYNHHLVTSLNLVLHMPSGPGSFWVSCPGVQAPGMGSGADSEKRTLEPPTESPSPPPRLTGQLQGLVIGITSVLVGVLFLLLLTWVLAAAFPRAAQGACACGSEEEPLKEGPSAAPVFTVDYGELDFQWREKTPEPPAPCAPEQTEYATIVFPSRPGSPGRRASANSPQGPQPLSPEDGPCRWPL,pd1,KRTLEPPTESPSPPPRLTGQLQGLVIGITSVLVGVLFLLLLTWVLAAAFPRAAQGACACGSEEEPLKEGPSAAPVFTVDYGELDFQWREKTPEPPAPCAPEQTEYATIVFPSRPGSPGRRASANSPQGPQPLSPEDGPCRWPL
Q15116,UniRef50_A0A6P3HTV0,1.0420000000000001e-42,65.1,129,26,154,52,180,129M,MELSVRAFCPGGEQGSGAEARGRASSLVGLREGEGPGPGAVPAHLTPALPTEASSRPWSALTFSPPRLVVPEGANATFTCSFSSKPEHFVLNWYRKSPSNQMDKLAAFPEDRSQPSRNRRFRVTPLPDGQQFNMSIVAAQRNDSGVYFCGAIYLPPRTQINESHSAELMVTGNRLAQGTALLLNL,pd1,EASSRPWSALTFSPPRLVVPEGANATFTCSFSSKPEHFVLNWYRKSPSNQMDKLAAFPEDRSQPSRNRRFRVTPLPDGQQFNMSIVAAQRNDSGVYFCGAIYLPPRTQINESHSAELMVTGNRLAQGTA
Q15116,UniRef50_UPI0006435F9D,1.601e-38,52.1,161,27,173,66,226,32M14D115M,GAGQGARLSVGTPGSGPHCWRRAKSARQVAGGRLDKEQPGQAPGARVTGPPGLRTVLGTGALSPGAPAGPSGPPTISPARLSVPEGGNASFTCSLSHDALPTPHDTQPAPRDTQQARLNWYRLGPGNQSSKLAAFPEDQHQAGQDWRFRVTPLPGGRDFLLTLVGARPHDSGTYLCVAIYLNPRVHFSESPHIKLTVTERAPQTPTERPSPTPWPAGPSRSLVVSVASVLAA,pd1,APAGPSGPPTISPARLSVPEGGNASFTCSLSHDALPTPHDTQPAPRDTQQARLNWYRLGPGNQSSKLAAFPEDQHQAGQDWRFRVTPLPGGRDFLLTLVGARPHDSGTYLCVAIYLNPRVHFSESPHIKLTVTERAPQTPTERPSPTPWPAGPSRSLVVSV
Q15116,UniRef50_A0A9X9M166,1.0319999999999999e-37,61.6,125,166,288,1,123,20M2D73M2I28M,LQGLVIGITGVLVGVLLLLLLTWVLATAFPRATRGTCACGSEDEPLKEGPCVAPAFTVDYGELDFQWREKTPEPPAPCAPEQTEYATIVFPSMPGSPGRRVSANSPQGPQPLSPEHGPCPWPL,pd1,LQGLVIGITGVLVGVLLLLLLTWVLATAFPRATRGTCACGSEDEPLKEGPCVAPAFTVDYGELDFQWREKTPEPPAPCAPEQTEYATIVFPSMPGSPGRRVSANSPQGPQPLSPEHGPCPWPL
Q15116,UniRef50_Q7Z5I0,3.738e-35,98.4,66,1,66,1,66,66M,MQIPQAPWPVVWAVLQLGWRPGWFLDSPDRPWNPPTFSPALLVVTEGXNATFTCSFSNTSESFVLN,pd1,MQIPQAPWPVVWAVLQLGWRPGWFLDSPDRPWNPPTFSPALLVVTEGXNATFTCSFSNTSESFVLN
Q15116,UniRef50_UPI000FFF9374,7.432000000000001e-31,57.8,133,83,208,3,134,71M5D26M2D19M1I9M,MAPSGLSEPGRDPRFRVTQLPSRLDFHVSVISAQRSDSGLYLCGAISLSSKVQIQETTAAELRVTDRVLESPTLEPLPAHPRPSPRPAGQLPGLVVGVTSVLVGVPVLLLLAWVLATTCSTALPGCAVCPSGQPGPYTASLPRGGPLQRLCHRAPVGGRGRPVPAQGGSHGTLPWTPPQGLKNPRQARKPQRLEEPEVKSSPWRRLQKCRSPPWTTGSWTSSGEREPPPLSPLPPAYTPNMPPLSSLHPQAAGAQQTAPRVPSL,pd1,PSGLSEPGRDPRFRVTQLPSRLDFHVSVISAQRSDSGLYLCGAISLSSKVQIQETTAAELRVTDRVLESPTLEPLPAHPRPSPRPAGQLPGLVVGVTSVLVGVPVLLLLAWVLATTCSTALPGCAVCPSGQP
Q15116,UniRef50_K7DZC5,1.012e-30,38.4,234,37,265,282,511,50M1D6M1I7M1I27M1I40M2D47M2D26M1I22M,MSRARTAQLASPLPAGPVWAPQCSLPPGRRLKGPGGDWQAQAGLMGGAASAGPPGSGGLGREAVRVWRRVCVRARSPTSLLPPEAPAHSGPWKGNRKERGATACGSPVLSLRLWVPRPLRWRACLEVRLLLSRGGLPRPPAWPGSRPPSSLHSLEYVGFSLSFSRPRGEMLRSAASGGRAGAEGEGAGALPGLPSGSNGARFLSMTCQHPGGGPHCSQGRGRGGRRPRPGASELLPFRGLRRPPDQVLAMRPSWGAGAAFCFVLLSWASGPSPVKMEYNLGFWPPQLSKAEGENATFVCNVSRELMTSILNWYKEKNGSQPEKLAAYPKDKPSSPLQDRYHIAKRNGQTYEMTIVGLQLNDSGRYFCGIINFQMPPVKESGWSELNVTERLMDSTTPTPFTTPEALEKFPRIIVVVSIIVGAVLVLLLLCWVLFIVESRGRGGAGNSESDKDSLKVERCAASGSASAVVYGQLDFQRPEAPPAGGAECCEQTEYAIIVFPPDKPGGSPHRK,pd1,FWPPQLSKAEGENATFVCNVSRELMTSILNWYKEKNGSQPEKLAAYPKDKPSSPLQDRYHIAKRNGQTYEMTIVGLQLNDSGRYFCGIINFQMPPVKESGWSELNVTERLMDSTTPTPFTTPEALEKFPRIIVVVSIIVGAVLVLLLLCWVLFIVESRGRGGAGNSESDKDSLKVERCAASGSASAVVYGQLDFQRPEAPPAGGAECCEQTEYAIIVFPPDKPGGSPHRK
Q15116,UniRef50_A0A7N4PZ64,2.554e-30,38.4,239,37,265,33,266,96M1I36M1D22M1I6M2I6M6D33M1I14M3D11M,MGPSWSSGLIFCMGLLLWTSQQSPVKTEYTLGFWPLQLSRTEGENATFICNVSSKLKAPILNWYREKNGSQPEKLAAYPKDTPSSHLQDRYHIAMKGHKRFYEMTILGLRLNDSGRYFCGIINIETPTVEESGRSELNVTERIMVPTTAPPVTTQAQSEKFPWLIVIPVVVGAVLLLLLLCWILVVVEFPGRGGAENSGSNKDAMSPKKAEPCVASVSTVVYGQLDFQRAEALKQGGASSDEQTEYATIIFPEEKSAFPGSSPHRK,pd1,FWPLQLSRTEGENATFICNVSSKLKAPILNWYREKNGSQPEKLAAYPKDTPSSHLQDRYHIAMKGHKRFYEMTILGLRLNDSGRYFCGIINIETPTVEESGRSELNVTERIMVPTTAPPVTTQAQSEKFPWLIVIPVVVGAVLLLLLLCWILVVVEFPGRGGAENSGSNKDAMSPKKAEPCVASVSTVVYGQLDFQRAEALKQGGASSDEQTEYATIIFPEEKSAFPGSSPHRK
Q15116,UniRef50_A0A8D2KSC0,1.038e-24,35.4,265,25,279,11,253,4M1I3M4I23M1D27M7I10M1I43M4I4M3I9M1D8M1D17M1I12M1I3M5D20M2D50M,MLCLCPRGSALPSPRPWIWPSQLNLSMGETAVFTCNTSNVLTSQYHLNWYKMDSRGQPERLESSKNTRKYNITRLNSGTFKMQIRNVQKNDSGTYSCTLLAFSLNETLKESNKANLTVTGEPSEHSPFPGGGCQGTLLVAIGGAGLVVLLVSVCFFLATVLRKRKGTCALTEILPLWIERKEEEPPGVTVFTVDYGVLQFQAPGTAKKAPPAKRTASEQTEYATIVFPPEKPGPAEADKAARRSPRACPGSRPPR,pd1,LPSPRPWIWPSQLNLSMGETAVFTCNTSNVLTSQYHLNWYKMDSRGQPERLESSKNTRKYNITRLNSGTFKMQIRNVQKNDSGTYSCTLLAFSLNETLKESNKANLTVTGEPSEHSPFPGGGCQGTLLVAIGGAGLVVLLVSVCFFLATVLRKRKGTCALTEILPLWIERKEEEPPGVTVFTVDYGVLQFQAPGTAKKAPPAKRTASEQTEYATIVFPPEKPGPAEADKAARRSPRACPGSRP
Q15116,UniRef50_A0A7L1NEK5,8.848e-24,35.1,225,36,254,2,220,27M3D30M1I6M2I50M1I15M2D17M2I19M1D49M,VTFFPSALTLPEGGLATFFCNISTENDSVSEYSLNWYKQTNDSQTQKIAEISYNNFQTKAEKYRLTNRNTSFKIEILNLHQNDSGFYYCGLISFFDSDKVMESSKSLLVVTAAPEETTATDNPQVEEGNTLDHIKVVLLVILPLAGVVVLLILGYITVIYRRGDVQKPPSENTPAEEKPSVVSVSTVDYGVLEFQWDQHTHVPPETWLADQTEYATIIFPEEKPVTPEQ,pd1,TFFPSALTLPEGGLATFFCNISTENDSVSEYSLNWYKQTNDSQTQKIAEISYNNFQTKAEKYRLTNRNTSFKIEILNLHQNDSGFYYCGLISFFDSDKVMESSKSLLVVTAAPEETTATDNPQVEEGNTLDHIKVVLLVILPLAGVVVLLILGYITVIYRRGDVQKPPSENTPAEEKPSVVSVSTVDYGVLEFQWDQHTHVPPETWLADQTEYATIIFP
Q15116,UniRef50_K7E8V1,1.631e-23,36.8,217,38,253,92,304,34M1I16M1I14M1I63M1D27M1I58M,MNYSQSKRQESSVKPRPRGQEKGPGQARDPTRSRHTGVDSDRRAARGARCRGRGAMELLHVTVAAFYTVLLGCQPRLLRAQIKSEASCSASSPAKLFGQKGENFTFFCSVSNMPNSTTLNWYKYFNNHKDKFAELKKEDDKYHEGRHHVSKCSNSVFKITILELQLNDTGEYFYEAIELSTSAKIWRSNCTLLNVTARTPGPSTAPPKIISIKKGNVQGTVILSSSIVAVALLLLLGWVLYAIAQKRKGINKSENDDLTLKGEPTSRPVFTVDYGELEFQRGEKPPKTVGTCTSEQTEYATIIFLPEKPLAHNGLQIKK,pd1,SPAKLFGQKGENFTFFCSVSNMPNSTTLNWYKYFNNHKDKFAELKKEDDKYHEGRHHVSKCSNSVFKITILELQLNDTGEYFYEAIELSTSAKIWRSNCTLLNVTARTPGPSTAPPKIISIKKGNVQGTVILSSSIVAVALLLLLGWVLYAIAQKRKGINKSENDDLTLKGEPTSRPVFTVDYGELEFQRGEKPPKTVGTCTSEQTEYATIIF
Q15116,UniRef50_A0A7L4DT99,5.539e-23,32.4,228,36,254,2,220,27M3D40M3I41M5D14M3I11M1I19M2I9M1D49M,VTFFPAVLTRPAGSSATFFCNISMENDSGLEYSLNWYKEINNSQAQKIAEISRNNLQTKTEKYLLTNYTPSFKIEILKLHPNDSGSYYCGLIAFFEPDKVMESSRSHLVVTAAPEKMNATDEPEIDESNSPDHIKAVLLGILLLAGVVVLLIFTYLTVTYKRGDVQKPPSENTPVEEKPPMVPVSTVDYGVLEFQWEQHTQVPPESRLADQTEYATIIFPEEKPVTPERGKKHQD,pd1,TFFPAVLTRPAGSSATFFCNISMENDSGLEYSLNWYKEINNSQAQKIAEISRNNLQTKTEKYLLTNYTPSFKIEILKLHPNDSGSYYCGLIAFFEPDKVMESSRSHLVVTAAPEKMNATDEPEIDESNSPDHIKAVLLGILLLAGVVVLLIFTYLTVTYKRGDVQKPPSENTPVEEKPPMVPVSTVDYGVLEFQWEQHTQVPPESRLADQTEYATIIFP
Q15116,UniRef50_UPI0028995A33,5.539e-23,33.9,233,36,260,111,336,27M3D39M3I42M1I11M3D16M1I19M2I9M1D6M1D49M,MLQVPNKPPHTWPVCLVSPSGDTKPQGGEASLLLCCASRRASRQRGEGSTERAGGGTARXTTHLPRQRTDHLAMAPGALKKMRGSMEVALTSLCAVMLCCGPVLAGCRRVTFFPAVLTLPAGDSATFFCNISTDNDSGSEYSLNWYKETNHSQAQKIAEISRNNLQTKTEKYLLTNHTPAFKIEILNLHQNDSGSYYCGLITFFEPNKVMESNRSQLVVTAAPEKTNATDEPKMEEGNPPDHIKAVLVGTLLLAGAVVLLIFGYLTVTYRRGDMQKPPSENAPAKDKKPPMVSVSIVDYGVLEFQWDQRTPVPPETRPVDQTEYATIVFPEEKPTTPERGKKHQDERTWQLQPQPC,pd1,TFFPAVLTLPAGDSATFFCNISTDNDSGSEYSLNWYKETNHSQAQKIAEISRNNLQTKTEKYLLTNHTPAFKIEILNLHQNDSGSYYCGLITFFEPNKVMESNRSQLVVTAAPEKTNATDEPKMEEGNPPDHIKAVLVGTLLLAGAVVLLIFGYLTVTYRRGDMQKPPSENAPAKDKKPPMVSVSIVDYGVLEFQWDQRTPVPPETRPVDQTEYATIVFPEEKPTT
Q15116,UniRef50_A0A6J3DHC5,4.693e-22,34.3,227,36,254,38,257,22M3D25M2I5M1I67M2D17M2I9M1I14M3D8M1I45M,MAPGTSRTTPGNVDMALAGLFVLLLCCSPALAGCHRVTSSPAILTRPAGSSATFFCNISIENNSSLEYNLNWYKETNHSNSQKIAQISRSIPQTKTEKYLLSNHASVFKIEILNLHQNDSGSYYCGLIAFFQSNKVEESNRSHLVVTAAPEKINTTEEPGVEDSSPPSHIKAVILGVLLLGCVVVLVVLGYCLVTYRRGDVQKPPSENTAEKEEKPPVVSVSTVDYGVLEFQWDPHTQLPPETCPDDQTEYATIIFPEEKPVTPERGKRHLDERTWQPPSQPC,pd1,TSSPAILTRPAGSSATFFCNISIENNSSLEYNLNWYKETNHSNSQKIAQISRSIPQTKTEKYLLSNHASVFKIEILNLHQNDSGSYYCGLIAFFQSNKVEESNRSHLVVTAAPEKINTTEEPGVEDSSPPSHIKAVILGVLLLGCVVVLVVLGYCLVTYRRGDVQKPPSENTAEKEEKPPVVSVSTVDYGVLEFQWDPHTQLPPETCPDDQTEYATIIFP
Q15116,UniRef50_A0A7L2VLW2,8.636e-22,33.3,228,36,254,2,219,27M3D40M3I41M5D14M3I11M1I21M1I5M2I5M1D45M,VTFFPAALTLPAGSSATFFCNISVENDSGLEYSLNWYKEINNSQAQKIAEISRNNLQTKAEKYLLTNYTPSFKIEILHLHQNDSGSYYCGLIAFFEPDKVMESSRSQLVVTAAPEKMNATDEPEIEESNSPDHIKAVLLGILLLAGVVVLLIFGYLTVTYRRGGTIPCGGYAVSREKPPVVPVPTVDYGVLEFQWEQHTQVPPESRPVDQTEYATIIFPEEKPVTPERGKKHQD,pd1,TFFPAALTLPAGSSATFFCNISVENDSGLEYSLNWYKEINNSQAQKIAEISRNNLQTKAEKYLLTNYTPSFKIEILHLHQNDSGSYYCGLIAFFEPDKVMESSRSQLVVTAAPEKMNATDEPEIEESNSPDHIKAVLLGILLLAGVVVLLIFGYLTVTYRRGGTIPCGGYAVSREKPPVVPVPTVDYGVLEFQWEQHTQVPPESRPVDQTEYATIIFP
Q15116,UniRef50_A0A8C0ASN9,8.636e-22,32.0,281,18,286,71,329,2M2I13M1D28M3D39M3I43M4I9M3I11M1I21M1I3M6D8M2D43M4I23M4I4M,MWRSSRAGAKGCGGCGRGRLPSVLGAAWQDWPGPPRGGCLAAHLHARRGQAAGEGWHHKLKVTLPHQTVSGWGWQIVCPGQPLPALLTLFPAVLTLPAGSSATFFCNISMENDSGLEYSLNWYKETNHSQAQKIAEISRNNPQTKTEKYLLTNHTPAFKIEILNLYQNDSGSYYCGLIAFFEPNKVMESSRSHLVVTDEPEMEEGSAPNHSRAVLVGILLLTGVVVLLILGYLTVMHRRGGTIPHRDHAALRGWGLPRDLMGDPPMVSISTVDYGVLEFQCDQRTQVPPETRLVDQTEYATIGWGPSSPGGVGRDRLPRTLAPTTVCSWEK,pd1,GWGWQIVCPGQPLPALLTLFPAVLTLPAGSSATFFCNISMENDSGLEYSLNWYKETNHSQAQKIAEISRNNPQTKTEKYLLTNHTPAFKIEILNLYQNDSGSYYCGLIAFFEPNKVMESSRSHLVVTDEPEMEEGSAPNHSRAVLVGILLLTGVVVLLILGYLTVMHRRGGTIPHRDHAALRGWGLPRDLMGDPPMVSISTVDYGVLEFQCDQRTQVPPETRLVDQTEYATIGWGPSSPGGVGRDRLPRTLAPTTVCSW
Q15116,UniRef50_U3I755,8.636e-22,34.3,227,36,254,151,370,22M3D44M3I48M1D5M1D17M2I9M1I14M3D8M1I45M,MGAQETRTPLPCPPWAILGAGAVLWGPRGERTGRGRGQATAQLFPASVRRKPGAGGSPGFPVGPRWARFISTPTPAACGGGRDSAVGKETRREPGLRGTARGTRHGQGARCLAMAPGASRTTRGNVDVALAGLCVLLLCCSPALAGCHRVTFSPATLTRPAGGSATFFCNISIENNSSLEYNLNWYKETNHSVPQKIAQISRSIPQTKTEKYLLSNHNPVFKIEILNLHQNDSGSYYCGLIAFFQSNKVEESNRSHLVVTAAPEKINITEEPGVEDSSPPSHIKAVILGVLLLGCVVVLVVLGYCLVTYRRGDVQKPPSENTAEKEEKPPVVSVSTVDYGVLEFQWDPHTQLPPETCPDDQTEYATIIFPEEKPVTPERGKRHLDERTWQPPSQPC,pd1,TFSPATLTRPAGGSATFFCNISIENNSSLEYNLNWYKETNHSVPQKIAQISRSIPQTKTEKYLLSNHNPVFKIEILNLHQNDSGSYYCGLIAFFQSNKVEESNRSHLVVTAAPEKINITEEPGVEDSSPPSHIKAVILGVLLLGCVVVLVVLGYCLVTYRRGDVQKPPSENTAEKEEKPPVVSVSTVDYGVLEFQWDPHTQLPPETCPDDQTEYATIIFP
Q15116,UniRef50_G1N6R2,2.1550000000000002e-21,34.2,225,36,254,114,332,22M2D35M1I4M2I47M1I31M2D16M2I16M2D42M,MCPSLLGEADREGEGQAMAQLFPTHGEEAGGGRQPGFPSGAEAVTFHFHPTTAMGKEAPSGTGHRHTAQQGTRHPAMALGTSRMMWDSMEGALVVLCVLLLCCSPPLAGCHQVTLFPAVLTRPVGSSATFICNISMENSSLEFNLNWYQKTNNSSPQKIAGIIRNIPQKKMEKYRLFNDTPVFKMEILNLHQNDSGFYYCGLITFSRSDKVVESNHSQLVVTEASEKPNTTEEPNEEESSPPDHVKAVLLGTLLLAGVIVLLLFGYIIINNRRADVRKSSSGNTLVEEAKPPVVSVSTVDYGVLEFQRDPRSQVPPETCPAEQTEYATIVFPEEKPVTPERGKRHKDERTWQLPSQAC,pd1,TLFPAVLTRPVGSSATFICNISMENSSLEFNLNWYQKTNNSSPQKIAGIIRNIPQKKMEKYRLFNDTPVFKMEILNLHQNDSGFYYCGLITFSRSDKVVESNHSQLVVTEASEKPNTTEEPNEEESSPPDHVKAVLLGTLLLAGVIVLLLFGYIIINNRRADVRKSSSGNTLVEEAKPPVVSVSTVDYGVLEFQRDPRSQVPPETCPAEQTEYATIVFP
Q15116,UniRef50_A0A851YFW2,5.372e-21,33.4,224,36,254,2,218,27M3D39M3I41M2D29M1I21M1I10M2I45M,VTFFPSVLTVPAGDSATFFCNISMESDSGLEYNLNWYKETNNSQGQKIAEISRNNPQTKTKKYVLTNHAPFFKIEILNLHQNDSGSYYCGLITVFEPDKVMESKRSHLFVTAAPEKMNATDKPPTEEDHLPDHIKAVLLGILLLAGVVVLLIFSYLTITYRRGGTIPSGVCGGREKPSVVSVSTVDYGVLEFQRDQHAQLPPETRLVEQTEYATIIFPEEKPVTPEQ,pd1,TFFPSVLTVPAGDSATFFCNISMESDSGLEYNLNWYKETNNSQGQKIAEISRNNPQTKTKKYVLTNHAPFFKIEILNLHQNDSGSYYCGLITVFEPDKVMESKRSHLFVTAAPEKMNATDKPPTEEDHLPDHIKAVLLGILLLAGVVVLLIFSYLTITYRRGGTIPSGVCGGREKPSVVSVSTVDYGVLEFQRDQHAQLPPETRLVEQTEYATIIFP
Q15116,UniRef50_A0A8B9MI04,3.332e-20,31.8,229,36,254,30,249,22M3D44M3I41M5D15M3I11M1I19M2I9M1D7M1D42M,MWGSVEVALTGLCAILLCCGPMLASCRRVTLFPAVLTLPAGSSATFFCNISMDNDSSSEYSLNWYKETNHSQAQKIAEISRNNPQTKTEKYLLTNHTPAFKIEILNLYQNDSGSYYCGLITFFEPDKVMESNRSHLVVTAAPEKTNATDEPEMEEGSAPNHSRAVLVGILLLTGAVVLLIFGYLTIMYQRGDVQKPPSENTPAKEEKPPMVSISTVDYGVLEFQCNQRTQVPPETCPVDQTEYATIVFPEEKPVTPERGKKHQDERTLQLQSQPC,pd1,TLFPAVLTLPAGSSATFFCNISMDNDSSSEYSLNWYKETNHSQAQKIAEISRNNPQTKTEKYLLTNHTPAFKIEILNLYQNDSGSYYCGLITFFEPDKVMESNRSHLVVTAAPEKTNATDEPEMEEGSAPNHSRAVLVGILLLTGAVVLLIFGYLTIMYQRGDVQKPPSENTPAKEEKPPMVSISTVDYGVLEFQCNQRTQVPPETCPVDQTEYATIVFP
Q15116,UniRef50_UPI001CFCEA6F,4.514e-20,38.7,165,37,198,8,169,50M1D6M1I7M1I27M1I40M2D29M,KMEYNLGFWPPQLSKAEGENATFVCNVSGGLMTSILNWYKEKNGSQPEKLAAFPKDKPSSPLKDRYHIAKRNGQTYEMTIVGLQLNDSGRYFCGIINFQMPPVKESNSSELNVTERLTDSTTTTPFATPEALEKFPRIIAVVSIIVGAVLVLLLLCWVLFIVESRGRGGAGNSESDKDSL,pd1,FWPPQLSKAEGENATFVCNVSGGLMTSILNWYKEKNGSQPEKLAAFPKDKPSSPLKDRYHIAKRNGQTYEMTIVGLQLNDSGRYFCGIINFQMPPVKESNSSELNVTERLTDSTTTTPFATPEALEKFPRIIAVVSIIVGAVLVLLLLCWVLFIVESRGRGG
Q15116,UniRef50_A0A3Q0GJP7,4.514e-20,33.1,229,36,254,111,333,29M3D18M1I19M2I51M1I11M6D27M2I24M1D34M,MGTFHFHSCLCCTQSEASSRHAGTRVAVTQSPHCSEARRDPAGTQEPPGTPPATPPGPSCLDCARCSPRADPVAARGPLETAMERLHVIVAGVCMLLLCCTPGLLLSQLVTFHPSVLVGREGDNASFFCNISRGNFHALDDNLNWYKATNGTQSLKIAGLQGNKKDIKTVKYHLINHPSVIEMKLLNLQKNDTGLYFCGLITFSPSHKVIESNRSMLTVTEAVMDGNTTDTPDETPSNLYPGDLYKVLLIVGLIVTVLALLLLFSYLLFLITHRRRKEPKPQSGNALKGDKTVVVTESTVDYEVLEFQRDEKPPAPGETAPHDQTEYATIVFPEEKPITPERGKRNQHQRNCQTHLQPC,pd1,TFHPSVLVGREGDNASFFCNISRGNFHALDDNLNWYKATNGTQSLKIAGLQGNKKDIKTVKYHLINHPSVIEMKLLNLQKNDTGLYFCGLITFSPSHKVIESNRSMLTVTEAVMDGNTTDTPDETPSNLYPGDLYKVLLIVGLIVTVLALLLLFSYLLFLITHRRRKEPKPQSGNALKGDKTVVVTESTVDYEVLEFQRDEKPPAPGETAPHDQTEYATIVFP
Q15116,UniRef50_A0A670KK21,6.117000000000001e-20,34.2,242,25,254,50,275,3M1I7M2D53M10I28M2I35M9D10M2I24M1I38M1D16M,MSSDRAIDGYDVCSASHCGAMLLNTSCWKTQEEIGLLGLDPACRIPLGHLDSMGPWTEPAATFRPSQLDKPMGATARFTCRLSETVQHHSLNWYKLGDDKQPKLLDLGKRKYSRAMLNATTFEIKISDLEMNDSGTYFCGLICPSLKLTESNRANLTVTEKEKELEPGLPSEETKPGLPSEEREDHGEILLAVVGVGLFLVLPVLCYYLFNLIRRKQEEEKLQDENAPLEEGPPAVSVFTVDYGVLEFRAADNAQRAPHERFASDQTEYATIIFPPEKPLAAKGGKKTKKPKSCPSRAEPH,pd1,LDSMGPWTEPAATFRPSQLDKPMGATARFTCRLSETVQHHSLNWYKLGDDKQPKLLDLGKRKYSRAMLNATTFEIKISDLEMNDSGTYFCGLICPSLKLTESNRANLTVTEKEKELEPGLPSEETKPGLPSEEREDHGEILLAVVGVGLFLVLPVLCYYLFNLIRRKQEEEKLQDENAPLEEGPPAVSVFTVDYGVLEFRAADNAQRAPHERFASDQTEYATIIFP
Q15116,UniRef50_A0A7L4GU97,8.288000000000001e-20,31.7,230,36,254,2,212,27M3D39M3I47M1D5M1D18M1I11M9I34M6I7M6D12M,VTFFPAVLTLPAGDSATFFCNISMENDSGSEYSINWYKEINHSQAQKIAEISRNNPQMKTDKYLLTNHTPAFKIEILNLHQNDSGSYYCGLIAFFEPDKVMESNRSHLVVTAAPVKTNATDEPETEESNPPDHVKAMLLGILLLVGVIVLLIFGYHTVTYRRGGTIPEEKPPVLPMSTMDYGVLEFQRDPCPCVLTETQPVDQTEYATIVFPEEKPITPERRKKHQD,pd1,TFFPAVLTLPAGDSATFFCNISMENDSGSEYSINWYKEINHSQAQKIAEISRNNPQMKTDKYLLTNHTPAFKIEILNLHQNDSGSYYCGLIAFFEPDKVMESNRSHLVVTAAPVKTNATDEPETEESNPPDHVKAMLLGILLLVGVIVLLIFGYHTVTYRRGGTIPEEKPPVLPMSTMDYGVLEFQRDPCPCVLTETQPVDQTEYATIVFP
Q15116,UniRef50_A0A8D0F1Q6,8.288000000000001e-20,30.9,304,8,265,28,322,12M2I6M2I33M3D23M1I17M2I40M1D8M20D25M2I11M1D3M10D7M7D52M4D12M,MFLPVIWGDAAGWPSIRLPALLANPRAWPWLSRVLAMAWGWVCKHLPAGFLTFFPAMLTVPAGGSATFFCNISMESDSGSEYSLNWYKETNHSQAQKIAEISRNNPPTKTEKYLLTNHTPAFKIEILNLHQNDSGSYYCGLITFFEPDKVMESNRSHLVVTGGKRAPSSTLPSMAGQAGSPICLQRQRAKTHMALAVTPRLMVWFLWTNAIPGLFVFLLCTALALLGCFRTGFNTCCKKGACTGVVGYLWVMNRPCRVSLQKEEKPPVVSVSTVDYGVLEFQWEQHAQLPAETRVVDQTEYATIVFPEEKPDGLGKSSDANRSVTKAIYIMPWFSTSIRGSLEWPCCFPTNKAPLWEEMPKARAGVDPGRCCSWEPRAEGFSLPGAETALCTAI,pd1,WPWLSRVLAMAWGWVCKHLPAGFLTFFPAMLTVPAGGSATFFCNISMESDSGSEYSLNWYKETNHSQAQKIAEISRNNPPTKTEKYLLTNHTPAFKIEILNLHQNDSGSYYCGLITFFEPDKVMESNRSHLVVTGGKRAPSSTLPSMAGQAGSPICLQRQRAKTHMALAVTPRLMVWFLWTNAIPGLFVFLLCTALALLGCFRTGFNTCCKKGACTGVVGYLWVMNRPCRVSLQKEEKPPVVSVSTVDYGVLEFQWEQHAQLPAETRVVDQTEYATIVFPEEKPDGLGKSSDANR
Q15116,UniRef50_A0A7K9DDG9,1.521e-19,33.7,228,36,254,2,221,22M3D45M3I41M1I14M1I16M3D16M2I14M2D20M1I12M1D11M,VTLFPAVLTVPAGGSATFFCNISMNKNSSSEYSINWYKETNHSQGQKIAGISGKNRQMNMEKYLLTNHTPSFKIEILNLHQNDSGSYYCGLINFFESNKLMESNRSHLVVTAAPEKTNATDEPEIEEGNLPDHVKAMLLGILLLAGAVVLLIFGCRTIMYRRGGMIPHEDCAALRGWEKPPVVSVSTVDYGELEFQWHSCPRVPLETWPVDQTEYATIIFPEEKPITPER,pd1,TLFPAVLTVPAGGSATFFCNISMNKNSSSEYSINWYKETNHSQGQKIAGISGKNRQMNMEKYLLTNHTPSFKIEILNLHQNDSGSYYCGLINFFESNKLMESNRSHLVVTAAPEKTNATDEPEIEEGNLPDHVKAMLLGILLLAGAVVLLIFGCRTIMYRRGGMIPHEDCAALRGWEKPPVVSVSTVDYGELEFQWHSCPRVPLETWPVDQTEYATIIFP
Q15116,UniRef50_A0A7L4JSU6,1.521e-19,32.1,227,36,254,2,222,26M3D40M3I42M1I11M3D15M2D11M2I68M,VTFFPAMLTLPEGGSATFFCNISTENDPGLEYSLNWYKETNHSQAEKIAGISWKNCDTNMDKYLLTNHTPVFKMEILNLHQNDSGFYYCGLITFFECNKVMESSRSLLVVTAAPEKTNATDEPEMEENNPPDYINTIVLGILLLAGVVGLLIFACLTVMDGRYLWMMTRPDGLFLQMEESPPVVSVSTVDYGVLEFQWDQRTQVSPETWPVVQTEYATIIFPEEKPITPE,pd1,TFFPAMLTLPEGGSATFFCNISTENDPGLEYSLNWYKETNHSQAEKIAGISWKNCDTNMDKYLLTNHTPVFKMEILNLHQNDSGFYYCGLITFFECNKVMESSRSLLVVTAAPEKTNATDEPEMEENNPPDYINTIVLGILLLAGVVGLLIFACLTVMDGRYLWMMTRPDGLFLQMEESPPVVSVSTVDYGVLEFQWDQRTQVSPETWPVVQTEYATIIFP
Q15116,UniRef50_A0A7L0RLT2,1.521e-19,33.7,225,36,254,2,221,27M3D25M1I15M2I46M1D6M1D17M1I11M1D23M1I44M,VTFFPATLTVPAGGSATFFCNISMESDSGLEYSLNWYKETNNSQAQKIAEISRNKPPTKTEKYLLTNHTPAFKIEILNLHQNDSGSYYCGLITFFEPDKVMESNRSHLVVTAAPEKMNATDEPEMEEGNPPDYIKAVLLGLLLLAGVVVLLMFGYLTVTYRRGGMIPCGDRALLRGWEKPPMVSVSTVDYGVLEFQWEQHAQLPPETRLVDQTEYATIVFPEEKPVTPEREKKHQD,pd1,TFFPATLTVPAGGSATFFCNISMESDSGLEYSLNWYKETNNSQAQKIAEISRNKPPTKTEKYLLTNHTPAFKIEILNLHQNDSGSYYCGLITFFEPDKVMESNRSHLVVTAAPEKMNATDEPEMEEGNPPDYIKAVLLGLLLLAGVVVLLMFGYLTVTYRRGGMIPCGDRALLRGWEKPPMVSVSTVDYGVLEFQWEQHAQLPPETRLVDQTEYATIVFP
Q15116,UniRef50_A0A850WLW0,3.778e-19,32.7,226,36,254,2,217,27M3D40M3I55M2D13M2D6M3I14M1I39M1I5M2I10M,VTFFPAMLTLPEGGSATFFCNISIENDSGLEYSLNWYKETNHSQGQKIAGISWKNRDTNMDKYLLTNHTPTFKMEILNLHQNDSGSYYCGLITFFESNKVMESNRSLLVVTAAPEKTNATDDSEMEEINPSDYVNTMLLGILLLAGMVGLLIFGCLTVMYRKGGMIPHRGFFSQVEERPPVVSVSTVDYGVLEFQRTQVSPETWPVVQTEYATIIFPEEKPITPERRKKHQD,pd1,TFFPAMLTLPEGGSATFFCNISIENDSGLEYSLNWYKETNHSQGQKIAGISWKNRDTNMDKYLLTNHTPTFKMEILNLHQNDSGSYYCGLITFFESNKVMESNRSLLVVTAAPEKTNATDDSEMEEINPSDYVNTMLLGILLLAGMVGLLIFGCLTVMYRKGGMIPHRGFFSQVEERPPVVSVSTVDYGVLEFQRTQVSPETWPVVQTEYATIIFP
Q15116,UniRef50_A0A674GI15,3.778e-19,32.6,230,36,254,38,256,27M3D20M2I9M1D4M2I47M4I10M5D14M1I19M2I9M1D8M1D41M,MAPGASKKSWGSVEVALADLCVILLCCEPMLTCCRRVTIFPAVLTLPEGDKATFFCNISMENDSGSEYSLNWYKETHHSQAQKTAEISRYKPVTETEKYRLINHTPVFEIEILNLHKNDSGSYYCGLITFYEPDKVMESNRSQLIVTAAPQINATDEPEMEEGNPSEHIKAMLLGILLLAGVAVLLIFGYLTFTYRRGDVQKPPSENMPEKEDKLPVVSISTVDYGVLEFQRDQSSPVPPKTQPVEQTEYATIIFPEEKPVTPERGKKHLDERTRQLPSQPC,pd1,TIFPAVLTLPEGDKATFFCNISMENDSGSEYSLNWYKETHHSQAQKTAEISRYKPVTETEKYRLINHTPVFEIEILNLHKNDSGSYYCGLITFYEPDKVMESNRSQLIVTAAPQINATDEPEMEEGNPSEHIKAMLLGILLLAGVAVLLIFGYLTFTYRRGDVQKPPSENMPEKEDKLPVVSISTVDYGVLEFQRDQSSPVPPKTQPVEQTEYATIIFP
Q15116,UniRef50_A0A7K6WV79,9.379e-19,31.5,225,36,254,2,215,27M3D39M3I42M1I11M3D16M1I21M1I6M5I46M,VTFFPDMLTLPVGGSATFFCNISMENDSGSEYSLNWYKETNHSQAQKIAEISRNKPQTKTEKYLLTNHTPAFKIEILNLHQNDSGSYYCGLITFFEPDKVMESNRSHLVVTAAPEKTNATDEPEMEEEKPLDHIKAMLLGSLLLVGVVALLIFGYLTVTYRRGGTISRRAEEKPLAVSISTVDYGVLEFQWDQCPHGLPEIQLVDQTEYATIIFPEEIPITPER,pd1,TFFPDMLTLPVGGSATFFCNISMENDSGSEYSLNWYKETNHSQAQKIAEISRNKPQTKTEKYLLTNHTPAFKIEILNLHQNDSGSYYCGLITFFEPDKVMESNRSHLVVTAAPEKTNATDEPEMEEEKPLDHIKAMLLGSLLLVGVVALLIFGYLTVTYRRGGTISRRAEEKPLAVSISTVDYGVLEFQWDQCPHGLPEIQLVDQTEYATIIFP
Q15116,UniRef50_UPI002F2B4187,9.379e-19,32.7,238,36,255,31,256,23M1I4M2D22M8I7M1I45M7D18M1D18M2D17M2I42M6D12M,MESRHRIMHWVGAWLLLLCCRSALLLKPSATFWPTQLNQSTGTTAEFTCNISNAEVFEDSVNWYKFDANKQPGKLDTRNKNKYEITRLDTQTFRMKILNLERNDSGVYSCILVATHSSLGFTESNHGNLTVTEIAPTPGSPEDEYESDHDAKENENAGHNIPLAAIGALGLVLVSVLASLCFFLIKVIRRRQERGKPHDENAPLEEEPPAVAVFTVDYGVLEFQARKNARRPPFPPPSPKPQPLDQTEYATIIFPTEKSVPMENTGKLGPMENTKRTKRQVRWVPTGRQQLH,pd1,TFWPTQLNQSTGTTAEFTCNISNAEVFEDSVNWYKFDANKQPGKLDTRNKNKYEITRLDTQTFRMKILNLERNDSGVYSCILVATHSSLGFTESNHGNLTVTEIAPTPGSPEDEYESDHDAKENENAGHNIPLAAIGALGLVLVSVLASLCFFLIKVIRRRQERGKPHDENAPLEEEPPAVAVFTVDYGVLEFQARKNARRPPFPPPSPKPQPLDQTEYATIIFPT
Q15116,UniRef50_A0A6J0GVX9,1.719e-18,33.0,227,36,254,26,246,27M3D30M1I6M2I27M2D29M1D17M1I19M2I9M1D7M1D42M,MEVALAGLCAILLCCGPTLACCRRVTIFPSVLTFHEGGIATFSCNISMESDSGSEYSLNWYKDTNHSQAQKIAEISPNNPRMETEKYRLTNHTPVFKIEIRNLHQNDSGSYYCGLITFFEPNKFLLMESNRSQLMVTAAPEMNPTEEPEIEEGNPSDHIKAMLLGILLLAGVILLLIFGYLTITYRRGDVQKPSSENMPAKEEKPPVVSVSTVDYGVLEFQRDQCTQVPPKTQPADQTEYATIIFPEEKPVTPERGKKRQDERTRHLCSQPC,pd1,TIFPSVLTFHEGGIATFSCNISMESDSGSEYSLNWYKDTNHSQAQKIAEISPNNPRMETEKYRLTNHTPVFKIEIRNLHQNDSGSYYCGLITFFEPNKFLLMESNRSQLMVTAAPEMNPTEEPEIEEGNPSDHIKAMLLGILLLAGVILLLIFGYLTITYRRGDVQKPSSENMPAKEEKPPVVSVSTVDYGVLEFQRDQCTQVPPKTQPADQTEYATIIFP
Q15116,UniRef50_A0A852M120,3.148e-18,31.3,230,36,254,2,218,26M3D21M4I19M1D40M5D15M3I10M2D8M5I14M1I53M,VTFFPAMLTLPAGRSATFFCNTSAEKDPGLEYSLNWYKETNHSHAQKIAEFSPNNHDRNTEKYLLTNDSDTFKLEILNLNQNDSGSYYCGLITFFERNKLMESNRALLVVTVAPEKTNTTDEPEMEENDTPDYVNAMLLGILLLAGVAGLLIFGCLTAMYRRGGMIPRGGSAMDERPPVVSVSTVDYGVLDFQWDQRSQVSPETWPVVQTEYATIIFPDEKPITPE,pd1,TFFPAMLTLPAGRSATFFCNTSAEKDPGLEYSLNWYKETNHSHAQKIAEFSPNNHDRNTEKYLLTNDSDTFKLEILNLNQNDSGSYYCGLITFFERNKLMESNRALLVVTVAPEKTNTTDEPEMEENDTPDYVNAMLLGILLLAGVAGLLIFGCLTAMYRRGGMIPRGGSAMDERPPVVSVSTVDYGVLDFQWDQRSQVSPETWPVVQTEYATIIFP
Q15116,UniRef50_A0AA97JM13,1.427e-17,30.8,227,36,255,30,246,27M1D24M4I61M2D14M1D11M2I25M3D36M4I12M,MESLQLAVMIETWALLLVFRSAPVVNQSVTCSPLRLTKPVGDAAVFTCQFSNVDHSEYNPNLYRECNESQRMKITELKENKDSGKYNISRVGSSHAFQVKILDLQKKDAGKYCCVLISMSSSQTVTESHRCILTVTERANTTIEPDMQEKEEEYDSGENGKGMPFAFIGGAGLILSLGILGIFLFNAIKGKQGERTPPAENAPLDEESPAANVFTVDYGILEFHGKAPPKHPPAEKTEYATIVFPTCKKSKKQRYCLSRTQLH,pd1,TCSPLRLTKPVGDAAVFTCQFSNVDHSEYNPNLYRECNESQRMKITELKENKDSGKYNISRVGSSHAFQVKILDLQKKDAGKYCCVLISMSSSQTVTESHRCILTVTERANTTIEPDMQEKEEEYDSGENGKGMPFAFIGGAGLILSLGILGIFLFNAIKGKQGERTPPAENAPLDEESPAANVFTVDYGILEFHGKAPPKHPPAEKTEYATIVFPT
Q15116,UniRef50_A0A091QSK6,1.931e-17,31.8,226,36,254,1,219,27M3D39M3I42M1I11M3D16M1I9M2I14M1D54M,TLFPTVLTLPAGDSATFFCNISMENDSGSEYSLNWYKETNHSQAQKIAEISHNNPQTKTEKYLLTNHTPVFKIEILNLHQNDSGSYYCGLIAFFEPDKVMESSRSQLVVTAAPEKTNATDEPEMEEGNPLDHIKAVVLGILLLAGAVVLLILGYLTFTHRKGDAQKSPSENKPGEEKPPEVFVPTVDYGVLEFQCDLCTQLPPETRPVDQTEYATIIFPEEKPVTPERGKKHQD,pd1,TLFPTVLTLPAGDSATFFCNISMENDSGSEYSLNWYKETNHSQAQKIAEISHNNPQTKTEKYLLTNHTPVFKIEILNLHQNDSGSYYCGLIAFFEPDKVMESSRSQLVVTAAPEKTNATDEPEMEEGNPLDHIKAVVLGILLLAGAVVLLILGYLTFTHRKGDAQKSPSENKPGEEKPPEVFVPTVDYGVLEFQCDLCTQLPPETRPVDQTEYATIIFP
Q15116,UniRef50_A0AA35P8J6,4.774e-17,34.7,216,47,254,2,202,29M1I13M8I3M1I25M2I22M2D5M5D18M2I24M1I40M1D14M,MGATARFTCRLSETVQHYSLNWYKLGDDKQPKLLDLGKRKYSPTMLNATTFEIKISDLELNDSGTYFCGLICPSLKLTESNRANLTVTEKQLEAGLPSEETKPGLPSEEREDHGEILLAVIGVGLFLVLPVLCYYLFNLIQRRQEEEKLENENAPLEEGPPAVSVFTVDYGVLEFRAADNAQRAPQERFASDQTEYATIIFPPEKPVAAKGGKKTKKPKNCPSRAEPH,pd1,GATARFTCRLSETVQHYSLNWYKLGDDKQPKLLDLGKRKYSPTMLNATTFEIKISDLELNDSGTYFCGLICPSLKLTESNRANLTVTEKQLEAGLPSEETKPGLPSEEREDHGEILLAVIGVGLFLVLPVLCYYLFNLIQRRQEEEKLENENAPLEEGPPAVSVFTVDYGVLEFRAADNAQRAPQERFASDQTEYATIIFP
Q15116,UniRef50_A0A7K4J680,6.455e-17,31.0,229,36,254,2,220,27M3D39M3I42M1I11M3D16M2I6M1D14M1I3M3I17M3D34M,VTFFPAMLTLPAGGSATFFCNISTENDSGLEYSVNWYKETNHSQAQKIAGISRNNHDTKAEKYLLTNHTPAFKMEILNLHQNDSGSYYCGLITFFERNKVMESNRSRLVVTAAPEKTNATEEPEMEESNPLGYVNVMLLGILLLAVVVGLLIFGFLAVAYRKGGTITPGAALRQGAGRSPIVSVSTVDYGVLEFQCDQRAQVSPETWSVVQTEYATIIFPEEKPITPEHRKKHQD,pd1,TFFPAMLTLPAGGSATFFCNISTENDSGLEYSVNWYKETNHSQAQKIAGISRNNHDTKAEKYLLTNHTPAFKMEILNLHQNDSGSYYCGLITFFERNKVMESNRSRLVVTAAPEKTNATEEPEMEESNPLGYVNVMLLGILLLAVVVGLLIFGFLAVAYRKGGTITPGAALRQGAGRSPIVSVSTVDYGVLEFQCDQRAQVSPETWSVVQTEYATIIFP
Q15116,UniRef50_A0A7L3TTT6,6.455e-17,32.7,226,36,254,2,221,27M3D39M3I42M1I12M1I18M3D18M1I13M1D44M,VTFFPAMLTLPAGGSATFFCNISMENDSGSEYSLNWYKEINQSQPQKIAEISRNNPQTKTEKYLLTNHTPAFKIEILNLHQNDSGSYYCGLITFFEPDKVMESSRSRLVVTAAPEKTNATDEPEMEAGNSPNHIKAVLLGILLLAGAVILLIFGYLTITYRRGGMIPHEGCATPRGWGKPPMVSVSTVDYGVLEFQRDQCTQMPSETRPVEQTEYATIIFPEEKPITPERAKKHQD,pd1,TFFPAMLTLPAGGSATFFCNISMENDSGSEYSLNWYKEINQSQPQKIAEISRNNPQTKTEKYLLTNHTPAFKIEILNLHQNDSGSYYCGLITFFEPDKVMESSRSRLVVTAAPEKTNATDEPEMEAGNSPNHIKAVLLGILLLAGAVILLIFGYLTITYRRGGMIPHEGCATPRGWGKPPMVSVSTVDYGVLEFQRDQCTQMPSETRPVEQTEYATIIFP
Q15116,UniRef50_A0A7M4F4V0,6.455e-17,30.7,257,16,254,5,230,21M5I23M3D24M1I14M2I40M18I4M12D28M5I8M2D11M1D35M,SYKTQAGWNPVLFFVSETVTFHPPTLVRQEGDTASFFCNISRRKFQAVDDNLNWYKATNGTQSLKIAGLQGNKKEIKTAKYHLINHTSAIEMKLLNLQKNDTGLYFCGLITFSPSHKVIESNRSMLTVTGLFQRYGHEVSWVSGFLLIVGLIVTTLALLLLFSYLLFLITHRRGIEVVPPPVLLQGDKTVVVTEPTVDYGVLEFQRDEKPPAPGETASHDQTEYATIVFPEEKPITPERGKRNQRCSGHGPSRCSVFS,pd1,QAGWNPVLFFVSETVTFHPPTLVRQEGDTASFFCNISRRKFQAVDDNLNWYKATNGTQSLKIAGLQGNKKEIKTAKYHLINHTSAIEMKLLNLQKNDTGLYFCGLITFSPSHKVIESNRSMLTVTGLFQRYGHEVSWVSGFLLIVGLIVTTLALLLLFSYLLFLITHRRGIEVVPPPVLLQGDKTVVVTEPTVDYGVLEFQRDEKPPAPGETASHDQTEYATIVFP
Q15116,UniRef50_A0A093D1W6,2.155e-16,31.2,237,36,265,1,229,27M3D23M1I17M2I41M2I30M3D16M2I9M1D54M1I5M,TLFPAMLTVPAGGSATFFCNISKENDSGSEYSLNWYKETSHSQAQKIAEISRNIPPMKTDKYVLTNHTSAFKIEILNLHQNDSGFYYCGLITFFEPDKVMESSRSHLVVTAAPEKTNTTDEPEMEEGNSPDYIKAVLLGILLLAGMVVLLIFGYLTITYKRGDVQKPPSENMPAEEKPPVVSVSTVDYGVLEFQRDQCTQVFPEIWTVDETEYATIIFPEEKPVTPERRKKYQD,pd1,TLFPAMLTVPAGGSATFFCNISKENDSGSEYSLNWYKETSHSQAQKIAEISRNIPPMKTDKYVLTNHTSAFKIEILNLHQNDSGFYYCGLITFFEPDKVMESSRSHLVVTAAPEKTNTTDEPEMEEGNSPDYIKAVLLGILLLAGMVVLLIFGYLTITYKRGDVQKPPSENMPAEEKPPVVSVSTVDYGVLEFQRDQCTQVFPEIWTVDETEYATIIFPEEKPVTPERR
Q15116,UniRef50_A0A852IQS4,1.31e-15,31.8,226,36,254,2,214,19M2D7M1D31M1I9M2I41M3I13M1D17M3D22M7I47M,VTFFPAMLSLPAGSSATFFCNVSMENDSELEYSLNWYKETNHSQAQKIAGISHNDLQRKTEKYLVTNHTGVFKMEILNLHQSDSGSYYCGLIAFFEPNKVIESNRSHLVVTAALEMTNPTEEPEIEEGNLPDHIKPVFLSILLLAGSVVLLIFGYITLINHPDGVSLQKEEKPTMVPVPTVDYGVLEFQVDQQAHVPQETWLVSHTEYATIVFPEEKPATPE,pd1,TFFPAMLSLPAGSSATFFCNVSMENDSELEYSLNWYKETNHSQAQKIAGISHNDLQRKTEKYLVTNHTGVFKMEILNLHQSDSGSYYCGLIAFFEPNKVIESNRSHLVVTAALEMTNPTEEPEIEEGNLPDHIKPVFLSILLLAGSVVLLIFGYITLINHPDGVSLQKEEKPTMVPVPTVDYGVLEFQVDQQAHVPQETWLVSHTEYATIVFP
Q15116,UniRef50_A0A852BUH6,1.31e-15,31.9,235,36,260,2,226,27M3D26M1I13M2I27M1I13M3I12M5D14M1I19M2I14M2D50M,VTFFPAMLSLPAGSSATFFCNISMENDSQLEYSLNWYRETNHSQGQKIAGITHSDLQWKTEKYVVTNHTGVFKMEILNLHQCDSGSYYCGLITFKPNNVIESSRSHLVVTAAPENTNPTDEPEMEEGNPPDHIKPVLLSILLLAGLVVLLIFGYIVVIHRRGGMIPWGSHAVLRGQEKPTTVPVPIVDYGVLEFQVDQHAHVPQETWLVSHTEYATIIFPEEKPTTPER,pd1,TFFPAMLSLPAGSSATFFCNISMENDSQLEYSLNWYRETNHSQGQKIAGITHSDLQWKTEKYVVTNHTGVFKMEILNLHQCDSGSYYCGLITFKPNNVIESSRSHLVVTAAPENTNPTDEPEMEEGNPPDHIKPVLLSILLLAGLVVLLIFGYIVVIHRRGGMIPWGSHAVLRGQEKPTTVPVPIVDYGVLEFQVDQHAHVPQETWLVSHTEYATIIFPEEKPTT
Q15116,UniRef50_A0A7K9C231,3.224e-15,33.4,233,36,254,2,226,22M2D4M1D31M1I9M2I41M3I13M1D17M3D8M1D9M2I11M6D46M,VTFIPAVLSLPAGSSATFFCNISMENDSELEYDLNWYKETNHSQGQKIAGISRNDLQRKTEKYLVTNHTGVFKMEILNLHQSDSGSYYCGLITFFEPNKVIESNRSHLVVTAAPEKTNPTDEPEMEEGNLPDHVKPVVLSILLFAALVVLLIFGYIAVLHRRGGTIPCAVINHPGGVSLQKEEKPTMAPVPTVDYGVLEFQVDQHAQVPQETWLVSHTEYATIVFPEEKPAT,pd1,TFIPAVLSLPAGSSATFFCNISMENDSELEYDLNWYKETNHSQGQKIAGISRNDLQRKTEKYLVTNHTGVFKMEILNLHQSDSGSYYCGLITFFEPNKVIESNRSHLVVTAAPEKTNPTDEPEMEEGNLPDHVKPVVLSILLFAALVVLLIFGYIAVLHRRGGTIPCAVINHPGGVSLQKEEKPTMAPVPTVDYGVLEFQVDQHAQVPQETWLVSHTEYATIVFP
Q15116,UniRef50_A0A7L2B497,5.874e-15,31.1,225,36,253,4,219,22M3D44M3I42M1I11M3D16M1I11M1D16M2I30M1I7M1I10M,HTVTFFPEILTLPAGGSATFFCNISIENNSISEYSLNWYKKTNHSQAQKIAEISRNTLQTKTEKYLLTNHTPAFKIEILNLHQDDSGSYYCGLITFFEPNKVMESSRSHLVVTAAPEKTNATDEPKIEEDSPLDYIKAVLLGILLLAGVVVLLIFGYLTVTYGRGDNESLNGVSLQKEEKPPVVSVSTVDYGVLEFQCDQCTQVPLETVNQTEYATIVFSEEKPITPK,pd1,TFFPEILTLPAGGSATFFCNISIENNSISEYSLNWYKKTNHSQAQKIAEISRNTLQTKTEKYLLTNHTPAFKIEILNLHQDDSGSYYCGLITFFEPNKVMESSRSHLVVTAAPEKTNATDEPKIEEDSPLDYIKAVLLGILLLAGVVVLLIFGYLTVTYGRGDNESLNGVSLQKEEKPPVVSVSTVDYGVLEFQCDQCTQVPLETVNQTEYATIVF
Q15116,UniRef50_A0A7K9T5C4,1.07e-14,29.3,235,36,265,2,231,26M3D40M3I51M1I22M2D81M1I5M,VTLFPVVLTLSAGGSATFFCNISMENDPGLEYNLNWYKEMNHSQAQKIAEISWNNSQTKTEKYLLTNHAPVFKIEILNLHQNDSGSYYCGLIAFFESDKVVESNRSHLVVTAAPAKTNTTNAPEVEEGIPLENTKAVLLGILLLDGVVVLLMFGYLTVTYRRRDEQKPPSENTSAKEENPPIVSVSTVDYGVLEFQCDRHTQVSVDSRLVNQTEYATIIFPEEKPVTPERRKKHQD,pd1,TLFPVVLTLSAGGSATFFCNISMENDPGLEYNLNWYKEMNHSQAQKIAEISWNNSQTKTEKYLLTNHAPVFKIEILNLHQNDSGSYYCGLIAFFESDKVVESNRSHLVVTAAPAKTNTTNAPEVEEGIPLENTKAVLLGILLLDGVVVLLMFGYLTVTYRRRDEQKPPSENTSAKEENPPIVSVSTVDYGVLEFQCDRHTQVSVDSRLVNQTEYATIIFPEEKPVTPERR
Q15116,UniRef50_A0A835NX84,1.947e-14,33.1,196,63,254,9,197,20M2I9M1D6M2I64M1D9M1I19M2I9M1D7M1D42M,MENDSGSEYSLNWYKETNHSQAQKTAEISRYKPVTETGRYRLSNNTPVFKIEILNLHQNDSGSYYCGLISFFEPDKVMESDRSQLIVTAAPQMNATDEPEMEEGSSSEHIKVMLLGILVLAGVVVLLIFGYLIFTYRRGDVQKPPSENMPVKEEKPPMVSISTVDYGVLEFQRDQWTPVPPKIWPVEQTEYATIIFPEEKPVTPERGKKHLDERTRQLPSQPC,pd1,YSLNWYKETNHSQAQKTAEISRYKPVTETGRYRLSNNTPVFKIEILNLHQNDSGSYYCGLISFFEPDKVMESDRSQLIVTAAPQMNATDEPEMEEGSSSEHIKVMLLGILVLAGVVVLLIFGYLIFTYRRGDVQKPPSENMPVKEEKPPMVSISTVDYGVLEFQRDQWTPVPPKIWPVEQTEYATIIFP
Q15116,UniRef50_A0A8T1ST92,4.778e-14,32.1,233,36,254,109,332,21M2D5M1D24M4I56M3D6M3D8M2D12M3D7M2I16M1I15M2I40M,GYVSFPLLLQLQSVDSRRAAPRGSGAAGTQGTRWRGQDTGPRSVRPPRSTGRAAWTLIGALHVQGRKPTPQRAPGSSKATPGTMLVTVVGICAVLLTCRPVLLLSQRVTFSPEKLSSYAGETASFFCNIYPANFSRFDCSLNWYKKINSTYTQKIAEWPGKGKSQMEKFNLLNHTSTVEIRILNLTENDTGEYYCGLITFSSPNKVVESNVSRLTVTGLFQRHNSLEGSPTTIPNVTEPDDPVGDFKVPVIIGLSVAGAVLLGLITYMLFVTTRRTAGQQKPQRENALLQNEQVTTYTVDYGVLEFQQEEHTEAPVESHPPDNTEYATIVFPEEKPVTPERGKKTKQQRICQI,pd1,TFSPEKLSSYAGETASFFCNIYPANFSRFDCSLNWYKKINSTYTQKIAEWPGKGKSQMEKFNLLNHTSTVEIRILNLTENDTGEYYCGLITFSSPNKVVESNVSRLTVTGLFQRHNSLEGSPTTIPNVTEPDDPVGDFKVPVIIGLSVAGAVLLGLITYMLFVTTRRTAGQQKPQRENALLQNEQVTTYTVDYGVLEFQQEEHTEAPVESHPPDNTEYATIVFP
Q15116,UniRef50_A0A6P7ZA13,2.866e-13,30.2,225,47,265,44,263,18M3D18M1D5M2I43M1I27M1I24M2D7M1I72M,MKCLKLISSICVMMLCQVPSILLTQSDGKLVLRRSFPELPPHPGATVRFSCNISMVQYNYAELRMNWYKTCYSSKSDMIVQFSPQNTSVTDARFEIRWNRTTGIAELSIRDLWYNDSGSYCCMLIDVTSRGISTSNLLNLTVTEKIEEPSTVTPEVVPPHTSNITVPVSVTSASIAVLLLLLLGYVLFLLIRKTEERKKPQSDSKHLDKEPQALPVYTVDYGVLEFQTDGSTKMPPQVPSPDNVEYATIIFPEPEPANKKKRRQKPV,pd1,GATVRFSCNISMVQYNYAELRMNWYKTCYSSKSDMIVQFSPQNTSVTDARFEIRWNRTTGIAELSIRDLWYNDSGSYCCMLIDVTSRGISTSNLLNLTVTEKIEEPSTVTPEVVPPHTSNITVPVSVTSASIAVLLLLLLGYVLFLLIRKTEERKKPQSDSKHLDKEPQALPVYTVDYGVLEFQTDGSTKMPPQVPSPDNVEYATIIFPEPEPANKKKRR
Q15116,UniRef50_A0A6P9AZ36,5.203e-13,33.1,229,37,253,26,241,43M9I12M1I48M2D15M7D6M3I38M1D23M2D19M,MEKVFYALLGFLFCPSALLVKPFVHFHPLQLNLTEGETAKFTCSISNPDLGKHLDWYKQGHDRQPVKLDGSSRKYSFAKRDERRYEMEIMQVEKNDSGTYYCWVNPFHSEGIMLESNRSSLIVTENVAATEPPDEIAGVKEQDEGVRKDTKSSFSDLRGSGLFILLVVLYFSVWWIIRRRRQKQKEQKHGNAPLEEVDPPAVTVFTVDYEMLAFPGGTKTKPAASPKPVQREPTEYATIVFLPKTPEAAEEEDSKQTPCPVCVQQP,pd1,FHPLQLNLTEGETAKFTCSISNPDLGKHLDWYKQGHDRQPVKLDGSSRKYSFAKRDERRYEMEIMQVEKNDSGTYYCWVNPFHSEGIMLESNRSSLIVTENVAATEPPDEIAGVKEQDEGVRKDTKSSFSDLRGSGLFILLVVLYFSVWWIIRRRRQKQKEQKHGNAPLEEVDPPAVTVFTVDYEMLAFPGGTKTKPAASPKPVQREPTEYATIVF
Q15116,UniRef50_A0A8D0DSD0,2.304e-12,31.4,242,47,254,24,244,9M1D25M10I43M1D14M3I15M13D4M1D6M1D3M7I12M1I7M6D4M10D24M1D21M,MSECLELVTQTTLGLATLGDRITGGTANFSCTVFNMTGPDYSLNWYKWDDKTQQNTLVQKSRRNDSSHLKGETFLFSLLNVTKNNSGIYFCSLISFHLKEHTITESHKANLTVTERVPEPRPEETPKEKEKEDNGKEIQPQERDYQEVPLLAVVGAGLLFVLAALCYFLIKAIHRRRSMYWVAMGSSVNIFLSSCCLQEEDPPAVSVYTVDYGVLEFHAADSATRAPPKVFSSDRTEYATIIFPQEKPITVDPDKKNRRAKHCPDSARPC,pd1,GGTANFSCTVFNMTGPDYSLNWYKWDDKTQQNTLVQKSRRNDSSHLKGETFLFSLLNVTKNNSGIYFCSLISFHLKEHTITESHKANLTVTERVPEPRPEETPKEKEKEDNGKEIQPQERDYQEVPLLAVVGAGLLFVLAALCYFLIKAIHRRRSMYWVAMGSSVNIFLSSCCLQEEDPPAVSVYTVDYGVLEFHAADSATRAPPKVFSSDRTEYATIIFP
Q15116,UniRef50_A0A9D3WRN6,4.174e-12,30.3,227,36,254,155,354,25M3D22M1I19M3I23M1D4M18I9M1D9M1D6M2D4M2I11M1I20M2I40M,MARGNLLRLLGAERGSRAGRSCRAVSEKEEGKDGGGWQGGFPSQAEMGTFHFHFCFGCSQSTATVQPPGEQCRWDTRHEVAWPGRKPPERPPATQHRHSSLDPDWCVARAGEEADPQRAPGPSKATPGTMLVIVVGICALLLTCRPVLLLSQLVTFSPETLSMPAGDTASFFCNISTANFPQFDYSLNWYKKINSSHTQKIAELNGNEHKNQEKFLLVNHTSSVEIKIRYLNENDSGEYFCGLIAFSSPKGIPTTVPSVTVDDPVDDFKVPVIIGLIIAGAVLLGLITYVLFIITRRTGGQQKPQRENALLQKEQVTTYTVDYGVLEFQQDEHTEAPVESYPPDNTEYAVIVFPEEKPVTPERGKKTKHQRTCQI,pd1,TFSPETLSMPAGDTASFFCNISTANFPQFDYSLNWYKKINSSHTQKIAELNGNEHKNQEKFLLVNHTSSVEIKIRYLNENDSGEYFCGLIAFSSPKGIPTTVPSVTVDDPVDDFKVPVIIGLIIAGAVLLGLITYVLFIITRRTGGQQKPQRENALLQKEQVTTYTVDYGVLEFQQDEHTEAPVESYPPDNTEYAVIVFP
Q15116,UniRef50_A0A674I3K9,8.075e-11,28.5,228,47,254,1,222,14M3D22M2D6M5I56M8D35M1I22M7D47M,GDTASFFCNISKANFPQFDYSLNWYKKINATCTQKIAEFNGNEHKIQKKKFTLINHTSTVEIKILDLTKNDSGEYFCGLIAFSSPSKVVESNLSQLTVTNEQTGLFQRQYNEPACTRVYHSPLLEGLRAPSLPVIIGLIIAGAVLLGLITYILFITTRRTGGASWQGERGPDRLLPFPSGAAVVTTYTVDYGVLEFQQDEHTEALVESYPPENTEYAVIVFPEEKPRSPADGSGARLCFSFCLSSLYSFLGGFRTGRLGGSICTICTRCARLYASP,pd1,GDTASFFCNISKANFPQFDYSLNWYKKINATCTQKIAEFNGNEHKIQKKKFTLINHTSTVEIKILDLTKNDSGEYFCGLIAFSSPSKVVESNLSQLTVTNEQTGLFQRQYNEPACTRVYHSPLLEGLRAPSLPVIIGLIIAGAVLLGLITYILFITTRRTGGASWQGERGPDRLLPFPSGAAVVTTYTVDYGVLEFQQDEHTEALVESYPPENTEYAVIVFP
Q15116,UniRef50_UPI0021F869B4,6.677e-09,29.0,179,36,203,38,209,22M3D45M3I40M3I12M5D14M1I23M3D5M,MAPGASKTAWGSVVVSLTSLCVLLLCCGPILAGCRQVTLFPAILAVPAGGSATFFCNVSMKNNSSSEYSINWYKETNHSQAQKIAEISAKNPQMKTDKYLLTNHTPSFKIEILNLHQNDSGSYYCGLINFFESNKLTESNRSHLVVTAALEKTNTTDEPEIEEGNPPDNVKAMLLGILLLTGAVVLLIFGCRTIMYRRGEGREATCGVRVHCGLWRAGVSVGLMLPCAPQYPAS,pd1,TLFPAILAVPAGGSATFFCNVSMKNNSSSEYSINWYKETNHSQAQKIAEISAKNPQMKTDKYLLTNHTPSFKIEILNLHQNDSGSYYCGLINFFESNKLTESNRSHLVVTAALEKTNTTDEPEIEEGNPPDNVKAMLLGILLLTGAVVLLIFGCRTIMYRRGEGREATCGVR
Q15116,UniRef50_A0A8C3SWT5,2.154e-08,28.3,226,65,254,16,227,21M4I40M2I9M8I10M8D8M7D19M6D8M2D16M6D4M7D41M,FCNIYPANFSRFDCSLNWYKKINSTYTQKIAEWPGKGKSQMEKFNLLNHTSTVEIRILNLTENDTGEYYCGLITFSSPNKERTWACQVPRSMPGPWAELHNAIAPHPSPQLSKTHPPAQREVLGLRQELLAEVLWLVLYGRSEWPVTVVCSGLEGYESVCGVHREAGRMWMRLLVKMPPLVVAWQNEQVTTYTVDYGVLEFQQEEHTEAPVESHPPDNTEYATIVFPEEKPPLTRLLPRIGQPLK,pd1,LNWYKKINSTYTQKIAEWPGKGKSQMEKFNLLNHTSTVEIRILNLTENDTGEYYCGLITFSSPNKERTWACQVPRSMPGPWAELHNAIAPHPSPQLSKTHPPAQREVLGLRQELLAEVLWLVLYGRSEWPVTVVCSGLEGYESVCGVHREAGRMWMRLLVKMPPLVVAWQNEQVTTYTVDYGVLEFQQEEHTEAPVESHPPDNTEYATIVFP
Q15116,UniRef50_UPI00192F178B,1.242e-07,36.0,111,37,147,66,166,43M8I5M1I7M1I46M,MWQVAPKFADVLLSLRLKFYIWWMKLQTILPRVADFFGVAMQNLCPVLLGFLFCPPVLLVKPFVLFRPAQLRLTEGETATFTCSISNPDYGNYLNWYQWGPDCQPVKLDPGSRKYSVSKRDRRTYQMEIRDVEKNDSGMYYCWVNAIQLKVPFLKSNEGNLTVTEKVAAAQPPNETSQVKEKDKGGDRKDAKTSFTDLRGTGLFVLLVVLYFSVWLIRRRRQSKQFFF,pd1,FRPAQLRLTEGETATFTCSISNPDYGNYLNWYQWGPDCQPVKLDPGSRKYSVSKRDRRTYQMEIRDVEKNDSGMYYCWVNAIQLKVPFLKSNEGNLTVTEK
Q15116,UniRef50_UPI001CFA69D5,1.662e-07,27.4,215,44,253,40,242,18M2I7M2I9M4I13M1I51M2D44M2I34M1I13M3D9M,MKTVWFVGQCTLTLFLLTTHAEAVSENEVTMSLYPNNSNVYTGGSVTFRCTCTKSTQTMNWYKQENNTFKKFADTMHSTDERFKVFLHDNKTATLQITNLQKNDSNKYYCGIISLDSNRKTKESNHLILNVEEEPVTNVTTTVTSTVNTQTNGNSKYIILGSALPVIIMFLILVSILLFVMQRKQEITKQQDDKKCLEMEHVAPVYVTEYGELEFPCQKQADKPVEIPPADNLDVEYATIVFIPELPNSKEIATSYHSMPNKFCGNASPRLK,pd1,VYTGGSVTFRCTCTKSTQTMNWYKQENNTFKKFADTMHSTDERFKVFLHDNKTATLQITNLQKNDSNKYYCGIISLDSNRKTKESNHLILNVEEEPVTNVTTTVTSTVNTQTNGNSKYIILGSALPVIIMFLILVSILLFVMQRKQEITKQQDDKKCLEMEHVAPVYVTEYGELEFPCQKQADKPVEIPPADNLDVEYATIVF
Q15116,UniRef50_UPI001C6770E6,7.12e-07,27.7,166,39,198,41,201,19M3D44M3I42M1I11M3D16M1I23M,MAPGTLKTMWGSMEVALPGLCTILLCCGPMLASCHRVALFPAMLSLPAGGSATFFCNISVENNFGSEYSLNWYKETNNSQAQKIAEISRNNTQTNTKKYLLTNHAPAFTIEILNLHQNDSGSYYCGLITFFEPDKVMESNRSHLVVTAAPEKTNATDEPEMEESNPPDHIKAVLLGILLLAGAVVLLIFGYLTVTYRRGEGRKAPHGVRVHRGLRRAGISVGAARPDSL,pd1,PAMLSLPAGGSATFFCNISVENNFGSEYSLNWYKETNNSQAQKIAEISRNNTQTNTKKYLLTNHAPAFTIEILNLHQNDSGSYYCGLITFFEPDKVMESNRSHLVVTAAPEKTNATDEPEMEESNPPDHIKAVLLGILLLAGAVVLLIFGYLTVTYRRGEG
Q15116,UniRef50_A0A094KKF6,1.273e-06,30.0,113,36,145,1,110,27M3D39M3I41M,TFFPEVLILPAGGSATFFCNISIENDSGSEYSLNWYKEINNSQSQKIAEISRNNLQTKTEKYLLTNHAPAFKIEILNLHQHDSGSYYCGLITFFEPDKVMESNRSHLVVTAAPEKTNATDEPETEEGNHPDHIKAVLLGILLLGGVIVLLIFGYLTITYRR,pd1,TFFPEVLILPAGGSATFFCNISIENDSGSEYSLNWYKEINNSQSQKIAEISRNNLQTKTEKYLLTNHAPAFKIEILNLHQHDSGSYYCGLITFFEPDKVMESNRSHLVVT
Q15116,UniRef50_V8N788,7.237e-06,34.2,114,37,149,26,128,51M1D7M11I44M,MENVFHVLWGFLFFPSALLAKPFANFHPPQINLTEGETAKFTCSISNPDFGRHLNWYKQGYDRQPVKLDSSNRKYSFSKGDKCMYEMEIRQVEKNDSGTYYCWVNPFHSEGTILESNRGILTVTEKAAATQPPDKITLVKEEDNGDRKDAKSSFSDLRGSGLLILLVVLYFSLWIIRRRRQ,pd1,FHPPQINLTEGETAKFTCSISNPDFGRHLNWYKQGYDRQPVKLDSSNRKYSFSKGDKCMYEMEIRQVEKNDSGTYYCWVNPFHSEGTILESNRGILTVTEKAA
Q15116,UniRef50_A0A5N3UQ16,2.298e-05,34.7,95,38,132,27,116,25M2I23M3I42M,MKRLAGAVLGLLFAQVCCVRGADVEQSPPALSLQEGASYTLRCNFSTSTQSVNWYLQNPGGRIIQLFYIPSGTKQDGRLNATTVPAERRSSLHISSPRPTDSGTYFCAAQHGAPQAPAASTRTLPGLSPSSSLSHTVRPPQDICSASCYSPTSGQC,pd1,SPPALSLQEGASYTLRCNFSTSTQSVNWYLQNPGGRIIQLFYIPSGTKQDGRLNATTVPAERRSSLHISSPRPTDSGTYFCAAQHGAPQA
Q15116,UniRef50_A0A5N3UKI2,4.092e-05,34.7,95,38,132,27,116,25M2I23M3I42M,MKRPAGTVLGLLFAQVCCVRGVDVEQSPPALSLQEGANSTLWCNFSTSPRSVNWYLQNPGGHLIHLFYIPSGTKQERRLKATTVPAERRSSLHISSPRPTDSGTYFCAAQHGAPQAPAASTRTLPGLSPSSSLSHTVGPTRHLQRLVFLTDIGIGITTNAF,pd1,SPPALSLQEGANSTLWCNFSTSPRSVNWYLQNPGGHLIHLFYIPSGTKQERRLKATTVPAERRSSLHISSPRPTDSGTYFCAAQHGAPQA
Q15116,UniRef50_UPI0024C3115D,4.092e-05,27.3,234,38,254,34,247,20M4D4M3I5M2I12M6I60M1I7M9D9M4D20M7I12M1I48M,MRMVRLSLIMLGICVSIDLRYATPAGAKNLFVHSPPRLSVQTGANATFTCNISALNYNPDDFNWYKTGDTSTKIADLKSQTNKLLITINWDRREAVLHISNVTFNDSGKYYCSHLNLSGNEQIIVSNTSELFVNSSKSIPIAVPNDNNNSRPTESSLQPLNMFIISTSVILVLLLFLAIGSAKIFIWYKQRNNIPEPQQQHLGKLPQDHSVYTVDYGILEFGASQPYRKSQDLSQLDQVEYATIMFPQQTPSLGEKRGKSL,pd1,SPPRLSVQTGANATFTCNISALNYNPDDFNWYKTGDTSTKIADLKSQTNKLLITINWDRREAVLHISNVTFNDSGKYYCSHLNLSGNEQIIVSNTSELFVNSSKSIPIAVPNDNNNSRPTESSLQPLNMFIISTSVILVLLLFLAIGSAKIFIWYKQRNNIPEPQQQHLGKLPQDHSVYTVDYGILEFGASQPYRKSQDLSQLDQVEYATIMFP
Q15116,UniRef50_UPI001378C5DB,5.458e-05,32.1,109,37,145,27,125,43M9I14M1I42M,MENVLFSALMGLLFYPSALLVKPFVHFHPLQLNLTEGETAKFTCSISKPDLGKHLDWYKQGHDHQPVKLDGSSRKYGFSKRDNRTYEMEIRQVEKNDSGTYYCWVNPFNSEGTMLESNRSNLIVTGVTPYFEEWPPGGGF,pd1,FHPLQLNLTEGETAKFTCSISKPDLGKHLDWYKQGHDHQPVKLDGSSRKYGFSKRDNRTYEMEIRQVEKNDSGTYYCWVNPFNSEGTMLESNRSNLIVT
Q15116,UniRef50_UPI001AADEEB0,9.708e-05,26.7,232,38,254,126,341,19M2I6M3D12M1I3M5I82M12D19M4I23M4I37M,MQFNCTRIEGSLCVFKVKCEDNHIVQVKEDHKPQRPPVPQASSLLLCFEFLFIISKKDFSRVFIFCYVIHRCCFGTKFKPFTPNKRQGNKTPPPSLMSMERLCLIFCSICVSAVLVSNEVILLSHTPVRLQVRLGEMAVFTCNLTALNFTPNDINWYREINSTQIKIADAKATENTRLSITADWGQKKAVLYIKNVTPHDSGQYKCRHVNVQQKSQIFSSNTSELIVVDLHYLATTVTDQTKQQGPAEHQEHQEKKTVIITSILLVLVLLLLIGIVTFLVWYKQRNKMPQPQLRHLEKPYQNSDVYTVDYGVLDFGNNQPYRKSAEISIQEQVEYATIMFP,pd1,TPVRLQVRLGEMAVFTCNLTALNFTPNDINWYREINSTQIKIADAKATENTRLSITADWGQKKAVLYIKNVTPHDSGQYKCRHVNVQQKSQIFSSNTSELIVVDLHYLATTVTDQTKQQGPAEHQEHQEKKTVIITSILLVLVLLLLIGIVTFLVWYKQRNKMPQPQLRHLEKPYQNSDVYTVDYGVLDFGNNQPYRKSAEISIQEQVEYATIMFP
Q15116,UniRef50_A0A444U292,0.0001726,29.4,163,115,264,242,399,12M1I21M10D33M3D27M4I52M,MLLMLVFLLVSALWLLAGRRGHPQDTLLVSALWLLAGRRGHPQDTLLVSALWLLAGRRGHPQDTLLVSALWLLAGRRGHPQNTLLVSALWLLAGLRGHPQDTLLASLSTVVTGWTQGTSPGHAAALCLEWEADRSGGMGKVTRVISAVTSLLLLLIQQGDSQPSKLNFSSKEEGQILTLNFTFPKKLSATESMNLNLNKYQQKIAEINFKGGQGNTFNEKRLTFTWQGETQTATLYISGLIKNDSGVYQCNYVLNSKIEVSNSINLTVRTKESSYINQTDLSDPAGTADSHPQDHSIPQNALIAASVTVTALLLLVLSITVFLIWDRNKGTSSPQLDTIKRQQDSKPSQAMPVYSIKYGVLEFPRRDALPPAMMPDHNDHVEYATITFPAGQEGGSGGRHCWSHGR,pd1,KNDSGVYQCNYVLNSKIEVSNSINLTVRTKESSYINQTDLSDPAGTADSHPQDHSIPQNALIAASVTVTALLLLVLSITVFLIWDRNKGTSSPQLDTIKRQQDSKPSQAMPVYSIKYGVLEFPRRDALPPAMMPDHNDHVEYATITFPAGQEGGSGGR
Q15116,UniRef50_A0A8C6CQ27,0.00023,33.6,95,38,132,27,116,25M2I23M3I42M,MKKLAGTVLGLLFAQVCCVRGVDVEQNPPALSLQEGANSTLWCNFSTSPLSVNWYLQNPGGRLIHLVYVPSGTKQDGRLKATTVPAERRSSLHSSSSRTTDSGTYFCAVQHGAPQAPAAST,pd1,NPPALSLQEGANSTLWCNFSTSPLSVNWYLQNPGGRLIHLVYVPSGTKQDGRLKATTVPAERRSSLHSSSSRTTDSGTYFCAVQHGAPQA
Q15116,UniRef50_A0A6B0SGL0,0.00023,32.6,95,38,132,87,176,25M2I19M3I46M,MTLVFTLMLEALLLLRAQSVTQPDGNITVSEGAPLELRCNYSFSLQPNLYWYVQYPNQGLQLLPKYMSGNNLVSGIKGVREVDVEQSPSALTPQEGASSTLWCNFSTSADNVRWYLQKPGGRLIHLIYIPSGTRQEERLNVTVVPKERRSSLHISSLRTTDSGTYFCAVQHCAPRAPAACTQTLRGAQPLLLPQSHCEATTGHLQCFLLALQI,pd1,SPSALTPQEGASSTLWCNFSTSADNVRWYLQKPGGRLIHLIYIPSGTRQEERLNVTVVPKERRSSLHISSLRTTDSGTYFCAVQHCAPRA
Q15116,UniRef50_UPI001B7F7185,0.0003066,35.0,114,38,146,56,165,20M1D13M1I24M1I10M1D26M2I5M3D7M,MNSNRVPLLTLANLKANVLRCRLVNMNIMILILMQMSIFCPDWTLSAAEGIRVYQTPDSLLVTEGGTANLTCVYSADEIQDFVINWLHQPRNQNNPTYIIYMDRCKSNQSIRVVNRKDQDRNVSQISINRLQPGDSGTYYCELMSLNPPSTEGMRGNGSTLTVTESFKDHDSWKVKVQWSFLLCLLVILCVVFLVAARNRKARQKQSVEHSVLFTGTVPEA,pd1,TPDSLLVTEGGTANLTCVYSADEIQDFVINWLHQPRNQNNPTYIIYMDRCKSNQSIRVVNRKDQDRNVSQISINRLQPGDSGTYYCELMSLNPPSTEGMRGNGSTLTVTE
Q15116,UniRef50_UPI001B7E1014,0.0003066,35.0,114,38,146,58,167,20M1D13M1I24M1I10M1D26M2I5M3D7M,MNSNRVSQPLLTLANLKADDLRCRRVNMNILILILMQMSIFCPDWTLSAAEGIRVYQTPDSLLVTEGGTANLTCVYSADEIQDFVINWLHQPRNQNNPTYIIYMDRCKSNQSIRVVNKKDQDRNVSQISINRLQPGDSGTYYCELMSLNPPSTEGMRGNGSTLTVTESFKDPNSRKIKVQWSFLLCLLVILCVVLLVAASNRKARQKQLVEHSALSTGTVPEDTSILDKTIYATVYCARMKETPPNLAIVYSNPLVEKTAPNTSTAEADYSTVNICKADPNSEGGNEEQMIYSQLQFKEKEVQFLTPCLH,pd1,TPDSLLVTEGGTANLTCVYSADEIQDFVINWLHQPRNQNNPTYIIYMDRCKSNQSIRVVNKKDQDRNVSQISINRLQPGDSGTYYCELMSLNPPSTEGMRGNGSTLTVTE
Q15116,UniRef50_A0A670Z2Y1,0.0005443,25.5,133,36,161,25,149,25M2I16M4D20M3D47M6I10M,MKKRFSCNHSILCTVLMLGSAVTVTQTPSFVSGSTGKNISFRCSVDEAGYRLYWYQQLPGETELKVLGYLSSFDRDLQEKDKDLQNRLKAKWEDPNSRKMHLDLLGLQASDTGFYLCAAMSTLNEVGIEAGTKLSIRINPKCNDQPQPRVVLLSPLCHKKSINLVCLAQGFHYEWPLDVIWERDGQKINRLSSATEPIKKQGECNFATASRMRVLAEEWQQGHNYSCHVNQTGQVVSDSVKSSPDHKTGKEMLGKSTSGISEVQLSLYAGQFIFLLLGAKSLAYSVILGIYKFYKKKGKRQPSWLTKNNFVILFKHHIDYNLLNKPQMTFFTQHTKPTNYGDGFTLRVIKPH,pd1,TQTPSFVSGSTGKNISFRCSVDEAGYRLYWYQQLPGETELKVLGYLSSFDRDLQEKDKDLQNRLKAKWEDPNSRKMHLDLLGLQASDTGFYLCAAMSTLNEVGIEAGTKLSIRINPKCNDQPQPR
Q15116,UniRef50_UPI003081DA0F,0.0007252,24.4,295,36,259,35,322,27M1D7M1I12M5I57M5D9M1I18M7D14M36D14M12D6M6D2M4D51M,MEPPGPEEEGGGCSSSITLSPPASSIHVEGRELFTHCPSELRVKVGETATFTCNITALEHNPKDFNWYREQNNKQEKIADLKAGQNDKLTINVSWDLRIATLRIQKVTLNDSGNYYCVHVNVTESSNFITSRRSELIVESHPSTVTEAKDPTNQKGSPDNVASLKTTMISTSILLTLLLLLLIGLAIFLVWHKQKAMYIKDLQSAFRFAVQTALLQGKIELTDPARKGLFTQCKCKCSGQFSETKNVLYGRDTGSRTDGRGNKPSQPQVRNLENPPQDPTVYTVDYGVLEFGSSEPYRNSADLCVLDQVEYATIIFPQEKPTMEDHRDRTA,pd1,THCPSELRVKVGETATFTCNITALEHNPKDFNWYREQNNKQEKIADLKAGQNDKLTINVSWDLRIATLRIQKVTLNDSGNYYCVHVNVTESSNFITSRRSELIVESHPSTVTEAKDPTNQKGSPDNVASLKTTMISTSILLTLLLLLLIGLAIFLVWHKQKAMYIKDLQSAFRFAVQTALLQGKIELTDPARKGLFTQCKCKCSGQFSETKNVLYGRDTGSRTDGRGNKPSQPQVRNLENPPQDPTVYTVDYGVLEFGSSEPYRNSADLCVLDQVEYATIIFPQEKPT
Q15116,UniRef50_A0A452ECU9,0.001286,32.6,95,38,132,27,116,25M2I26M3I39M,MKRLVGTVLGLLLARVCCVRGVDVEQSPPALTPQEGASSTLWCNFSTFADSVWWYLQKPGGRLIHLIYIPSGTRQEGRLNATAVPKERRSSLHISSLRTTDSGTYFCAVWHSAPQAPAASTQTLHGLSPSSSHSHTVRPPQGICSASYWPYRFETLVFIFLSIFIFCARVSTCS,pd1,SPPALTPQEGASSTLWCNFSTFADSVWWYLQKPGGRLIHLIYIPSGTRQEGRLNATAVPKERRSSLHISSLRTTDSGTYFCAVWHSAPQA
Q15116,UniRef50_UPI000EA8EA5C,0.001713,25.6,117,36,145,38,152,25M2I16M4D20M3D47M,MAEMPLHSCSGLLGLRFSHALLAFWCTFVGSGSAVTVTQTPSFVSGSTGKNISFRCSVDEAGYRLYWYQQLPGETELKVLGYLSSFDRDLQEKDKDLQNRLKAKWEDPNSRKMHLDLLGLQASDTGFYLCAAMSTLNEVGIEAGTKLSIRISFPTFS,pd1,TQTPSFVSGSTGKNISFRCSVDEAGYRLYWYQQLPGETELKVLGYLSSFDRDLQEKDKDLQNRLKAKWEDPNSRKMHLDLLGLQASDTGFYLCAAMSTLNEVGIEAGTKLSIRIS
Q15116,UniRef50_A0AAD8DET3,0.004041,28.2,163,108,257,112,273,19M1I21M10D33M3D76M,MSRVPNKLLAILVSLMSFLCTGLGIEKSGSTHSDPGDSQPSKLNFSSKEEGQILTLNFTFPKKLSATESMNLNLKKNQQKIAEINFKGGQGNKFNEKRLTFTWQEETQTVTLSISGLIKNDSGVYQCNYVLNSKIEVSNSINLTVRTKEGSYTNQTDLSDPASTADSHPQDHSIPQNALIAASVSVTALLLLVLSITVFLIWDRNKGMSHFTRYDLYYCVSLYQDSNPSQAVPVYSIKYGVLEFPRRDALPPAMMPDHTDHVEYATISFPAGQEGSGKHCWSHGR,pd1,LSISGLIKNDSGVYQCNYVLNSKIEVSNSINLTVRTKEGSYTNQTDLSDPASTADSHPQDHSIPQNALIAASVSVTALLLLVLSITVFLIWDRNKGMSHFTRYDLYYCVSLYQDSNPSQAVPVYSIKYGVLEFPRRDALPPAMMPDHTDHVEYATISFPAGQ
Q15116,UniRef50_UPI001B7F5820,0.005378,40.0,55,207,261,26,80,55M,MRNHAANHSPLVPGTSSPQLDRIKRQQERRPSQAVPVYSIEYGVLEFPRRDALPPATMPDQDDHVEYATITFPAGQEEGSGGKHCWSHCR,pd1,QQERRPSQAVPVYSIEYGVLEFPRRDALPPATMPDQDDHVEYATITFPAGQEEGS
Q15116,UniRef50_A0A974CRU8,0.007157,25.3,241,47,266,36,266,14M1D9M1I14M4D16M6I7M2I79M15D23M1D40M1I8M,MTYSPALSASLMSVERVFLIISSICVITILGHAPPGRTAVFICNISALNYDPTDINWSKTYNNNTSKIADLTSLKDTNRIHIKTNWTFRIAELHIRNLTVNDSGEYHCEHLNVTANSKIMLSNRSRLNVTGDKEIAMAVTKSATQNSMNKITEKVAVVISASVVFILLLLLCASLLLWHKKRNKTPQTHLKHLVASQGAEYSAILAQHIQEKPPQDPEAFTVDYGVLAFPNNSPYRKSAELCTLEQVEYATIMFPQGTPSMGERRGKDAACNHSPRVCRD,pd1,GRTAVFICNISALNYDPTDINWSKTYNNNTSKIADLTSLKDTNRIHIKTNWTFRIAELHIRNLTVNDSGEYHCEHLNVTANSKIMLSNRSRLNVTGDKEIAMAVTKSATQNSMNKITEKVAVVISASVVFILLLLLCASLLLWHKKRNKTPQTHLKHLVASQGAEYSAILAQHIQEKPPQDPEAFTVDYGVLAFPNNSPYRKSAELCTLEQVEYATIMFPQGTPSMGERRG
Q15116,UniRef50_A0A6J0SBK8,0.01267,28.1,135,67,188,10,130,15M8I11M1I49M5I10M7D11M6D12M,MRTSKYSIFWYKMGEDNQPKKLDSSNGKKYLQTEVDPKTFKMNILDLKKNDSGVYYCGLISFSSNQTLIESKKINLTVSEKNHDPGPSEDPGEEERQDEEGHQKILLPVVTGSGLLLVLVGSCVLLAYLMRRKQEHRSSQGENAPLVSLF,pd1,WYKMGEDNQPKKLDSSNGKKYLQTEVDPKTFKMNILDLKKNDSGVYYCGLISFSSNQTLIESKKINLTVSEKNHDPGPSEDPGEEERQDEEGHQKILLPVVTGSGLLLVLVGSCVLLAYLM
Q15116,UniRef50_A0A8C3VS45,0.01267,31.5,95,38,132,27,116,25M2I26M3I39M,MKKLVGPVLGLLLAQVCCVRGVDVEQSPPALSLQEGASSTLWCNFSMNVNSVQWYRQDRGGSLVHLFTVPSGTKRNGRLNATTVLKERRSSLHISSAQTTDSATYLCAAVHSAPQAPAARTGTLRGAQPLLQPQSQPRATTGHSHCSLSLTYTGTVLTRGTSWPYRFVTLVFYFLLNLYLLLL,pd1,SPPALSLQEGASSTLWCNFSMNVNSVQWYRQDRGGSLVHLFTVPSGTKRNGRLNATTVLKERRSSLHISSAQTTDSATYLCAAVHSAPQA
Q15116,UniRef50_UPI001127BC89,0.02241,29.3,92,38,129,32,118,19M3I40M2I28M,MDRQKMHFCVFWGLTLHLQKIALCKGAGIAQTPGQMFLTAGDNATLNCSIRFGDLVNWYKEQQDGSLQRIHQSYKYSTEKDQKYSSKVDSDGETFSLLIHHLQRSDSGIYYCGIISLANSKLGKGSTVIVTEAGTSIPSLSILVPVMGDDPLPGSVVLLCVASDVTPRWAPVLWDIGGNVTQGQPRASAIDPEGHFSLRSQVIVPGETWRRGVQCTCSVKDNATGETISASVPQGPDSRTRPACNSVIFVGCPFILILLLTELWVLLCRKHPARGHPGRSQETARAQLPETDYAFVRHITGPNAP,pd1,TPGQMFLTAGDNATLNCSIRFGDLVNWYKEQQDGSLQRIHQSYKYSTEKDQKYSSKVDSDGETFSLLIHHLQRSDSGIYYCGIISLA
Q15116,UniRef50_UPI0023B9DBBE,0.02241,26.7,101,35,131,170,265,22M3I25M4D4M2I41M,MTKAPTTVPAGHTTEVADHSEPEQKAAYGQEQGLLIQNQDSLTRKQSTTARIECIVEGLHFYLYFYIHWYQQLPSKPPKRILYIISDQISYDDDSLRYKYSSEKQGTNVYILSVKNVNSNDEGTYYCACWSYQGSTADTLVASTLTSSMLLLQSLLAISLWPRGDAQAAPQQSPNLLRKVQGNSASMACKIGKEHILHWYRQLPGEPPKRILYFLRKTFFDDNQYKAKFQILKHPSEPRYRLTINHLTPQDSGTYFCGDTQAAPEQTPAFLTQAPGSSASLTCQISEDAVLHWYRQLPGEPLKRILYFWRQNTVIDDSRDEGKFQANMLLLTALMATASWSYGIAQEIPVQSPISITKFRKSARMTCEFPTASSLDGSVIHWYQQKEGKAPVRLLYFADGTASVESVFRAERYMVENVPGRSRCVLTISNVVPDDTATYYCAYWDPQRAYHKVFGSGTKLIVSDKLSSAPANSEILQQKHDNQITYVCLIEKFYPEVIRVKWTDGENKEVTDNMVKGDTWKLTKEDKYSISSWLTVPAENKDKNYYCKYEHESQQRSLPTQVRSREIVSQEDDCITYPGNSTVFNGDHLMHRAAFLVYVVLLLKSSMYYLIVLFFTYRMWAATKHQGKKA,pd1,PQQSPNLLRKVQGNSASMACKIGKEHILHWYRQLPGEPPKRILYFLRKTFFDDNQYKAKFQILKHPSEPRYRLTINHLTPQDSGTYFCGDTQAAPE
Q15116,UniRef50_A0A8S4BK05,0.05269,34.5,84,41,123,861,942,39M1D30M2I12M,MDCKSFASKTAHVGDDVTLKCGRESSSVGYLFWMKLVVGSLPEILGAAYTFSNGVVKTPPGITAEIERGTFVLRITKAKLSDNAIYYCEEIIELQKRSLNITFLRVKEQKDPLPSTTPEPPAVPVQPGDSDTVQCSILSENNSKMCPEFHKLCVFQTKSGESQATGMCSHDQSGAEKNLTQKCLCNFSLSNISTSDFGIYYCTGVTLEQMCFGNGTKMDAEASRPLSESPTTTVVLFLLCGALAVSLTVIALLIYTIRKKNKCECCEDSMISVMTAQYGEAVTFKCLLPTYENNNSRIKWYKQSVGDTLTLITTLMTNTIEPAFEKGFSPSRFSAKCTTGVCTLTIAKTEPEDEALYHCGTFSWRSDRWTGTYLSLKENDKRARKYTVVQWPGISESVQPGKNMTLQCSIHRHSEDSSCPHEHRVHWFAVRSDQSLGNVIYTSGNGPHKSECKPESKSCVYHFSKNISSSDDGTYYCALATCGEILFGDGTKLDIQSTKLVSEVFQMGNQITFLFFAVKKIRECGSCFIYCCWSKLGCTYEKNFVTTTAGVGENVILTCNYDEPRGIATFYWIRVVSGTMPEIMGRGFNFDYVDPIVISRVTTNQEPRRFVLNITNVNLSDTAFYYCLISQQRKISFLKGTFLRITGPEPDFTDVIQNNPSVAIHAGNSVSLNCSVLFDSEKKTCPEEHRVFWFRVASDKSQHTFLYGQSEGGGECVRSPENQSPQSCVYSFFKGNVTSTDAGTYYCAVAACGRIVFGNGSKVNIEVVGTYDAEKTNKLLYLLCAALAVSLIVTSFLLCSIRKKTCNCSNVIYQRKAKAGRRKATAREETIYADIWHTHCVSLFSVVILFLGCSDNLMLELKTVTNGDYVTLTCSRLNTEFDATLHWVRFVSGNQPEYLGGTFSFDYDVVNKTPHFTVKQEPGNFTLHISKSNLSDAGLYYCIKIDTLDLTFLKGTFLRVKGPSPNISVIVQEPPSVLVHPGDPVSLQCSVLFYAERKTCPAEHSVYWFRAGTDESHPSLIYTNGNSGDGCKSRLEANSEKKCIYSFSKNISPSDAGTYYCAVATCGEILFGNGTELDIGVPGVWDLQTANTVILLLSTVLTASVIIICILTCFIKKKTCGCCEGCAIDPILETKTNHVGSQVTLTCPRKSAGTFSWMRVNFGSTPEILGEEPKKYNHITVKQEPGIFELRILKSKLSDTGFYFCIRKYHQKMELLTITYLRTEEPVTTAPPSPLFHQEDSVTLKCSVLHDSQNTSCPADENIFCLTAKYNQCHSSLNYSKEGQGGYLNNSLSVTAKKCLHSYLKHFSSSDVQTYYCAVATCEERVMENQSKPNKAVNLCSSKDVFSIVFYLLCAAVAMSVILIGFLAYTIRKLRKKIKEYSTVAVAQQRQTSTRENQGSQQTDEDSLIYSTVAFTRTKMSQTAKRANKSDEEETIFTDVCDPGL,pd1,LKTVTNGDYVTLTCSRLNTEFDATLHWVRFVSGNQPEYLGGTFSFDYDVVNKTPHFTVKQEPGNFTLHISKSNLSDAGLYYC
Q15116,UniRef50_A0A2B4R7B4,0.07004,29.8,97,38,133,185,256,18M1D6M2I14M23I33M,MNQGFRVFPGKIFSNSTTVYKRKNAAELALVICSTIDRFKSNPTPRFLTGRKHDVKIARRSLTANRSDSVNRGESDAAFRKYVTSIVTESIRTHCLSPGKVCVAGPRGLKGTPGNRGRRGPRGSNGKTGTKGVMGPPGKSGKQGMKGDVGNPGMKGEKGDKGVPGLPGPKGEPGQSIAAPNINVSPASLTITENQTATFYCSAYGNPKPTVTWWKMNSAGQVNINSQDARLQIKNAKYNDSGSYVCTATSVLGKAQKAVKFTVEVPPRFIHTPDRLIKVLANSVASVRCRAIGFPPPTIAWSRGFVPLPQGRTSITKNGTLNIANFGPLDVGTYQCKASNKLGSVTVLITLHYIPPGPLQASTILAGNLFYQRHLNQYLKPAVGSYPNFLLCYRASTHGWLASTFHSRCDGKRDTVSIIKVGHYVFGGYTDISWESSGGWTSTSEAFIFSLRNKEGLAPFKSLVTNPTYAIYRLAVYGPTFGLGHDICIRDNANSNTRSYTLFGHSYSVPSGVKDRKTILAGTYHFTPDEVEVFYLR,pd1,SPASLTITENQTATFYCSAYGNPKPTVTWWKMNSAGQVNINSQDARLQIKNAKYNDSGSYVCTATSVLGKAQ
Q15116,UniRef50_A0A3M6UQ96,0.0931,30.0,120,38,152,428,523,28M1I12M23I40M5D11M,MCEDEGMHIGHYFTNVESSKLHQGRCFNSHTATHEGLPLSDFFPVRDKAHCRIRSEETGVTKKEKAVLHREASVYRYLPPCLLRNFNELSREVPNISGQFSPPDDRSNTQILLKMDPDKPAPLYYEVSPLTKLMLRALAMSTGIIVVITLIISFVKASEDAMNYLIVVNMLISSVIGGIITWWYHKGIIVRRKHENREENLPFKARRENTMDINAQKTKISSSQKLGDCLQKASSLLSVAAILMTVSLFVRSETNTKMLDSKFTLKIQEMGDALESVRAACQVLREDRDISNGRKQDVKIVRRSLTTNRSDSVNQAEADTDFRKYMTSIVTESIGTYCLSPGKVCVAGPRGPRGIPGNRGKRGPRGSKGKTGGKGIMGSPGKSGKPGMKGDVGNPGMKGEKGDKGVPGHPGPKGEPGQSISAPKVDVSPASHTITENQTATFSCSADGNPKPRVTWSKMSGTGQVNMNGHDNTLQIKNATYNDSGSYVCMATSILGKAQKTVKLTVEAPPRFIHTPERLTKVPANSVASIRCRAFGFPPPTIVWSRGFVPLPQGRTTIAKNGTLIIANFGPLDSGIYQCKASNKLGSVSVLTTLNYDEQVPANSVASVRCQAFGFPPPTIVWSREFVPLPQGRTSITKNGTLIITNFGPLDSAFGFPPPTMVWSREFVPLPQGRTNITKNGTLIITNFGPLDSGTYQCKASNKLGSVNVLTTLHYDEQVLQIASTILAGNLDYKSKLHQFLKPAVGSHPQWVLCYRASSHGWAASIFHRRCDGKRNTVSIIKVGQYVFGGYTDITWEIKETLKSVKDARFPNRVNDHLDASSVIKYSSKIVRRSLSAQRNVSGDSEEADTAIKKYMASLITESIESYCQPTKKLCMAGPPGPEGIPGKDGIEGPEGLPGKPGLRGDTGVDGIKGDAGNPGIKGQKGDTGYPGNPGPKGEPGESIFAPDINVSPASLTVTEKQTATFNCSADGNPKPRVTWSKVNKTGMENLDSHGNELQIRNVEYNDSGSYVCMAENVLGKVQKEVTLFVEVPPEFTKRPDRFLRVMGKSDTSIPCRAFGFPPPTIVWSRGLLSLPKGRTSVTKHNLTISNFSPEDAGVYQCKAGNKLGIISALTTLNYVPPESWMNSAIIGGDAFYQTQLHQFLTPAVGSHPQWLLCFRACTHGWAASTFHSRCDGKRNTVTIIKVGQYVFGGYTDIPWESSGGYGYTSKAFIFSLRNTRGLQPFKIMVKQPEYAIYKQSSYGPTFGYNYLLFIANNANVGTPSHTKFDRYNSRSYSSIPGSSWRPSNILAGSQNFQIADWEMVSKMESKANNNSHVFLFGFSFNLILTLGSLGFTCYSLQRLDSRLIAVEQNLRMPNPSSELGNRVNSLPTITHPRPRGAQMEEIVRVRRATDTSSLCRKCSNVCAKSNGNRSVSRVGPKGPPGPPGLPGSAGPQGPPGPAGKRGKKGAKGRPGPPGKRGNRGLPGPPGISAQTKTDRSGGSQLKLPLFIEKPPSSLIVREKQSVTIPCEATGFPQPVVTWSKNGRLIEDKTKQFKKRNLEISEMKFEDRGMYTCTAENLLGRVELSVNITVRVPAKFISEPKRSVTAYKTWDMTLKCDIFGFPSPLITWTRSRDQLPINRNVIDGNQLTIKNTKKEDGRRICPPLKNPKYGLIYGGEFWEGKQVSYTCKPGFGLIGPLQRRCLMNGSWTGSQPECNAVSGNKTIVFFFPEQFWVVSPLWKASAIIAGNLYYYSNLHQFLKPAAGSHPQWLLCYRASTHGWSVSTFHNRCDGKPNTVTIVKAGQYVFGGYTDIPWGKYLLYVNFMSLLVFAFFCVFVFCLLRCSV,pd1,SPASHTITENQTATFSCSADGNPKPRVTWSKMSGTGQVNMNGHDNTLQIKNATYNDSGSYVCMATSILGKAQKTVKLTVEAPPRFIHTPERLTKVP
Q15116,UniRef50_A0AAJ7UHN2,0.1237,30.9,142,38,170,43,173,38M1I9M8D11M6I3M1D4M2I27M2I30M,MFYKHQAYACIYRVAVLMHCAVPAAMGSTVHGSPAGVGRASGSTRTVSVTEGQLAVLECGSDSTGPLRYLYWYKGRAPPQKKLVAYLNSETHANGTGRGEPGQRASIRGRSTLHLGRARRSDSGTYRCEALPVRSRHVVRHEVQLIVTERSFVVASAVNDQTHTPITSVNSLVTPEQTSSTTRMGNNVTDLRGKFHKDLHRKLFPDGTIKSEEILLVVIIILMFLASFPLVVIILKILCKRTKTQEEGRTLKNKDEKNPCLAT,pd1,STRTVSVTEGQLAVLECGSDSTGPLRYLYWYKGRAPPQKKLVAYLNSETHANGTGRGEPGQRASIRGRSTLHLGRARRSDSGTYRCEALPVRSRHVVRHEVQLIVTERSFVVASAVNDQTHTPITSVNSLV
Q15116,UniRef50_A0A9Q0DF93,0.2185,31.4,89,41,125,18,101,42M4D7M4I5M1I26M,MRGGDGAGPPEVRQDNGVVSVSPGANVTLHCFLPTNALAMHRSWYRQGPGGPPRLLSAVYKYGQEERGRPRLEVSLGNGGLNYLSIADVRRNDSAVYYCGSAHSNVVEFADGIFLHVRGSEDQPQPFLHRGQGVHRFWCKLNCGTGCTATDDATAADTPTDAAEDACHRQVSAAMRVLVLLSIGRTASLLLCVIASLLCTFKSLS,pd1,VVSVSPGANVTLHCFLPTNALAMHRSWYRQGPGGPPRLLSAVYKYGQEERGRPRLEVSLGNGGLNYLSIADVRRNDSAVYYCGS
Q15116,UniRef50_A0A9P5Z005,0.2903,38.7,49,205,253,389,437,49M,MAPANASLFSSISRKRSSSAVVYNGDDQIAAYGPYSKRYKTRNTNAKFDRMIETMTVISSVHASSSDDGRHPEWSGANQSNKKKSLNGNHERPYSPQVPSTDGSELSFIKMGRRRSVHVDRPSSDTNTSKDAPEPVSLRSPCTSLPPWLATTFMSLSRKHPLRLLLPPDLAEISVIDPTSEPMQQLQPAQSVPPTADGIFAFTVPVDDVPCSKAATVFGQLSWPAVDANDETSAYTDFPHPNNDSRHLFLSEAYLNSSAYDDIPPLDFAFQPVPFSTPGPRSLIGSTANTNTVVAHLPPVYSSPTIYPDVVESYATEKHSDRAKLHCYYDCDNLTDFPGHYAHSTDGFGNSGSITLSPSLISNPLFSNIFTKPGPAYCASLPIHFDSPTEDPLSSNPSSSPGYPVSYGEIDFQWQPFDRGNLTEHVPEMPDHAVFAFGEPQSDLKAVASPDTQMNSVKALHMKFFETQRPHSLHQSPAFLSLPPLSPLLPVISSPFRFAVPVENYPDQHPEENSSIIVPGEQEHDEQPRTPKKPAFAPEPGIYISPLHPSRGQTKSPGSEEEGPNHNAAENIDSSDRPRTADNVRRDSYGSKTDAFGDPRTFSQRSHSSNDSIESWGLAGERVNAQED,pd1,TEDPLSSNPSSSPGYPVSYGEIDFQWQPFDRGNLTEHVPEMPDHAVFAF
Q15116,UniRef50_A0A6P8IH86,0.2903,26.8,108,39,144,179,264,27M1I1M9I9M12I32M2D15M,MGLQEKPNNHLICAIASFAVLCCVCIVISCIGFVRLEFQLGQQERKIVALEKEIQNCRKLQETDGRLSSTRRYRRGIPPSKNDNICLQCVKPWIREEVASSVSYAVEAYCRPQNKLCIRGPPGPPGPPGPKGEKGAPGRNSNSNMKSDDRKQGRIPSVITPPKEERTGSINAPGIRVDPSLLTVNEKSHATFTCSSTNSGKATIVWDKVGGFPKGDKLIEIKDGKLKLMNVKQNDEGSYMCTVESPAGLSRAVVTLKVRSKPRIFIGKGPIYAVKGDNVTLPRCRGTGFPKPVVSWLKVMDRMPEGRTVTSEQTLTLLKVKRSDSGIYLCTATNALGRDRKITYLVVVIRPRFTVRPPRKIKRFAGSILEVNCSAXANPKPIITWERCGNEPLDKRFDVQTSGKLRIDNLKTADSGMYACVASSRPLLSKAAFELKVKLARDCSVLYSSGVRKNGVYKIKPDNKEPFDVYCDMTTDGGGWTVFQRRYDGSVNFFQGWKEYKTGFGRLSGEFWLGNTKLHRLTSAKPSELRVDVQDWEGNTAYAKYGQFTIGDEKALYRLDINSYTGTAGDSLSYSNGMPFTTLDKDNDIHKKDNCAVTHIGAWWYKSCQDSNLNGQFVRSSRNPKGMLWYYWKNDESTIKGSQMKLRPKTS,pd1,PSLLTVNEKSHATFTCSSTNSGKATIVWDKVGGFPKGDKLIEIKDGKLKLMNVKQNDEGSYMCTVESPAGLSRAVVTLKVRSKPRI
Q15116,UniRef50_A0A8C8RSE4,0.3857,32.6,92,36,123,19,109,53M3D7M1I7M1D20M,AMRGPLWLFLCLVAENWLTQNPASLSAKEGERVEIMCGYSTTYSSFALDWYQELPGKAPTFLLRRYSDGSEYKLSSVSSRFSSQLDAGAKSFTLSIDGAQLADSAVYFCALRETTALQTALVQPPSEPSVSIMKSENESIAACLVNDFYPKELKIVMNPDSQTIYEATDPILTSNGKYSAVKYIWSFKCHKFRTTLSNLYSC,pd1,TQNPASLSAKEGERVEIMCGYSTTYSSFALDWYQELPGKAPTFLLRRYSDGSEYKLSSVSSRFSSQLDAGAKSFTLSIDGAQLADSAVYFC
Q15116,UniRef50_A0A803JYL7,0.3857,24.7,230,44,269,48,225,14M4D4M3I5M1I10M4I61M15I22M20I4M1I4M6I37M2I13M,MDAFFAAQCNIWIYICCISGYSTLNYLLSFLSKEGVILFEHLPFEHHLTPGKTAVFICNISALNFNPTDINWSKTHNNNTSKIADIKSPKDTNRIHIETNWPSRIAELHIRNVTVNDSGEYHCEYLNVTANSKIMLSNRSRLNVTAPKGDYFKDIILILKNCFLFLINKTGPYPEVITVDYGVLAFPNNCPYRKSVELCTLDQVEYATIMFPQGTPSLGERSGKDAACNRSPRVCRD,pd1,LTPGKTAVFICNISALNFNPTDINWSKTHNNNTSKIADIKSPKDTNRIHIETNWPSRIAELHIRNVTVNDSGEYHCEYLNVTANSKIMLSNRSRLNVTAPKGDYFKDIILILKNCFLFLINKTGPYPEVITVDYGVLAFPNNCPYRKSVELCTLDQVEYATIMFPQGTPSLGERSGKD
Q15116,UniRef50_UPI0027979149,0.3857,29.8,104,38,141,782,861,28M1I12M23I40M,MDINAQKTKIPSREKLGDRLQKASSLLSVAAILMTVSLFVRTETNTKMLDSKFTLKIQEMGDALESVRATLLRKDSDISNDMKHDFSIVRRSLTTTRSDLVNQLKDGFRKYTTSLVTESVKTYCLSAGKVCVAGPRGPKGIPGKRGKRGPRGSRGKRGVKGKPGKQGMKGDVGNPGMKGEKGDKGVPGHPGPKGEPGQSISAPNVDVSPASHTITENQTATFSCSADGNPKPRVTWSKEGGPGQVSMNGHDNKLKIKNAAYNDSGSYVCTATSILGKAQKTVNLTVEAPPRFIHIPERLTKILANSVASVRCQAVGFPPPTIVWSREFIPLPQGRTTIAKNGTLIIANFGPLDNGTYQCKASNKLGSVSVLTTLDYDERVPRMPSTILAGNLVYESKLQQFLKPAVGSHPRWVLCYRASSHGWAASIFHRRCDGKRNTVSIIKVGQYVFGGYTDISWESGGRWTGTSKAFIFSLRNKEGLAPFKSLVTTPKYAIYRSSSYGPTFGGGFDIVIKDNANSNTNSYTRFGSYYSLPSGIKDRNTILAGTYYFTPDEFTYSKARRENTMDINAQKTKISSSQKLGDCLQKASSLLSVAAILMTVSLFVRSETNTKMLDSKFTLKIQEMGDALESVRAACQVLREDRDISNGRKQDVKIVRRSLTTNRSDSVNQAEADTGFRKYMTSIVTESIGTYCLSPGKVCVAGPRGPRGIPGNRGKRGPRGSKGKTGGKGIMGSPGKSGEPGMKGDVGNPGMKGEKGDRGVPGHPGPKGEPGQSISAPNVYVSPASHTITENQTATFSCSADGNPKPRVTWSKMSGAGQVNMNGHDNTLQIKNVAYNDSGSYVCVATSILGKAQKTVKLTVEAPPRFIHTPERLTKVLANSVASIRCRAFGFPPPTIVWSRGFVPLPQGRTTIAKNGTLIIANFGPLDSGTYQCKASNKLGSVSVLTTLDYDEQAPQIASTILAGNLDYKSKLHQFLKPAVGSHPRWVLCYRASSHGWATSIFHRRCDGKRNTVSIIKVGQYVFGGYTDISWESSGGYTSTSKAFIFSLRNKEGLAPFKSLVTGYAIYRSSSYGPTFGGGPDIAIRDNANSNTNSYTLFGNSYSLPSGIKDQKTILAGTYKFTPDEVEVFYLG,pd1,SPASHTITENQTATFSCSADGNPKPRVTWSKMSGAGQVNMNGHDNTLQIKNVAYNDSGSYVCVATSILGKAQKTVKLTVE
Q15116,UniRef50_A0A4W3J231,0.5123,26.7,116,12,123,4,104,6M5I11M10I46M4D34M,SIHWTVCSVWYLQTSERRDNVTEGESVTFECSYSTTESYFYLFWYRHYKEKQPEFIISRYSHSDNPDKGKGFENRFSAELQKSNSFTSLSISELVLSDSAVYYCAFTLTTVIDCTASLVQKLTSLCT,pd1,WTVCSVWYLQTSERRDNVTEGESVTFECSYSTTESYFYLFWYRHYKEKQPEFIISRYSHSDNPDKGKGFENRFSAELQKSNSFTSLSISELVLSDSAVYYC
Q15116,UniRef50_A0A3B4CBI5,0.5123,29.2,82,42,123,27,108,82M,PFSSDCSQSLHISINMLLSILSLLGEIHVSEGDNVTLSCNYSNSYTNDVLQWYRQFPRSGPEFLLSINLYASKSDSPPRMSVELDQDNKRVDLIISAAAVSDSTLYYCALQPTVTGNPATLYKKPLNRTSNIRYCTKPVNE,pd1,IHVSEGDNVTLSCNYSNSYTNDVLQWYRQFPRSGPEFLLSINLYASKSDSPPRMSVELDQDNKRVDLIISAAAVSDSTLYYC
Q15116,UniRef50_UPI001CFDD5FE,0.5123,23.8,88,36,123,44,131,88M,MPQAPVRNKSHYTEGRITSMPLPKLLWVLIAFTCLGLGSAQTVTQTPPVVSVQEGQTATLNCKYSTSDSSYYLFWYKQPPGGKLIFLIRQDSFSAQNASEDRYSINFQKAAASIRLLISASQLGDSAVYFCALQHSVSQYAGNKLTFGKGTYLTVIPDIQNPQPALYQLRSPKSSNTSVCLLTDFDKPIKNETVAGSKETVLEMMTMESKSYGAVAWGSKSNFTCTGAFQTDIINFTQTSGSTCNPSHAEQSFETDRDLNLMNLSLIVLRIIFLKTVGFNLLMTLRLWSN,pd1,TQTPPVVSVQEGQTATLNCKYSTSDSSYYLFWYKQPPGGKLIFLIRQDSFSAQNASEDRYSINFQKAAASIRLLISASQLGDSAVYFC
Q15116,UniRef50_A0A3Q0FI31,0.5123,32.2,90,36,123,24,110,47M2D8M3I30M,MALLLLACLAGFAGLARAQQDSVTQSPSALVIHAGDTATLSCSFSTSDTYPYLYWYRQHPNRSLEMLMQLYKAEWRKQAGRLSAELHFGNSSGRLAIQGTTLQDSAGYLCALSDTEGSGCCCTVQKGVGGSVGQREGRKPSASWTAEEVDTQIGSTRQTAEWEPSPGPAMQGLCSLLLLCGAARWALAQVSQPPRLTALEGGRLHISCNHNITPHQRMYWYRQPPQGQGAPIFLGSGYDGTSPAGELTMEVYLASRSSTLSRDGARLQDAGIYYCATEDTVTGVEAPAASKPPAQLPATCTQGTCSWLLP,pd1,TQSPSALVIHAGDTATLSCSFSTSDTYPYLYWYRQHPNRSLEMLMQLYKAEWRKQAGRLSAELHFGNSSGRLAIQGTTLQDSAGYLC
Q15116,UniRef50_UPI001176EB0B,0.6804,24.1,178,41,217,24,177,22M2I17M4I14M2I23M4I35M9I29M1D10M3I3M,MKMDVTLVLMAFLLQGLQEAEAIVVTAVEGQEVEIKCVHSNAASNVKYFCSRPCGDEDVLVTSKRPHKDGKFRIRDKGNTFYVTVSKLRLEDSGTYWCGIERVGVDTYTQVDIRVRESKREDSQSQSALTPKELYIGTGLGVVVLALVVALLIFFRHRKKHIGPSQEKGQPMVQAIPSTQDQDRHPDGAAPSTGQKHGAFSSANSTTDLYSDVSPEPQTQQEALFYSTVSFNKHADCSAATPPDPMTTYTTIELRSTDESAVYSNV,pd1,VVTAVEGQEVEIKCVHSNAASNVKYFCSRPCGDEDVLVTSKRPHKDGKFRIRDKGNTFYVTVSKLRLEDSGTYWCGIERVGVDTYTQVDIRVRESKREDSQSQSALTPKELYIGTGLGVVVLALVVALLIFFRHRKKHIGPSQEKGQPMVQAIP
Q15116,UniRef50_UPI000D71EE46,0.9036,29.8,134,39,172,345,452,27M1I3M5I9M3I5M9I41M8I23M,AGDPGSQSRQPPLRHSVAVSIPSRCLLIPWGTFPLISALFLLPGSRPRLEDSSPHIVEHPSDLIVSKGEPATLNCKAEGRPTPIIEWYKDGERVETDKEDPRSHRMLLPSGSLSFLRIVHGRSWRVAQPCPALQSFPRPGPPLPVSGIPRELHPGAGPAAPFCIPGPFPRSPRPSTHCSPQVPLDQATAHTPGALAVLRDDFRQAPSDVVLECVPPRGHPEPTISWKKNSVRISDKDERITVRPDPPQGQAGWGAGMSRRGLRQRASRASLGHLPWGGKSSSRGHLSCRLPRGRAEIQIDNTLRLSRVSAEDEGTYTCVAENSVGKAEASGSLSVHVPPRLVTHPRDQIVAQGRTVTFHCETKGNPPPAVFWQKEGSQILLFPSQPPQPLGRXGEMTITEVQRADSGYYMCQAISVAGSILAKALLEVEDVTSDHFPPIIRRGPANQTLAVGATAQLTCRXGNLLPSVQWLKDGQQVVGRDTRASLSDNGTLQITNVQVSDSGRYVCMAASATGKTEWSGVLTVQEPGADLQVQLSEPGHLPGPPSAPLVTNVTRNSVTLAWKPSPQGGDAAGGVPLPGCSQSAGSTWQTVADNVRVEKHTVSDLSPDTIYLFLIRAANAQGLSDPSPVSEPVRTQGGQGLVQRELSQVAVQLQAPVILTSTAIQVSWTVNRQAQFLQGYRVLYRPRGGAWQGQDVPVPAQRRPLLLELHNAPRLSRLGMAIKAGGCSWCQCQACSALGALPPALTPLSFLPAPSAPPQEVSVVAVGNSTSSSVSWEPPPAGEQNGLIQNYQSLPRSRARCLSAVGRPLALLDALSLPLLCPVPAAEPAPEQGEVPVSSGEGVSLAEQITDVVKQPAFIAGLGGACWVVLMGFSLWLYWRRKKRKELSHYTGEGPAPPLPRVRDQPPRLPRARD,pd1,PRDQIVAQGRTVTFHCETKGNPPPAVFWQKEGSQILLFPSQPPQPLGRXGEMTITEVQRADSGYYMCQAISVAGSILAKALLEVEDVTSDHFPPIIRRGPANQTLAVG
